date,channel,spend,clicks,conversions,revenue
2024-03-01,Google Ads,64.77,58,3,178.13
2024-03-01,Facebook,126.18,62,4,262.65
2024-03-01,Instagram,55.3,36,2,228.67
2024-03-01,TikTok ,129.04,98,5,169.57
2024-03-01,LinkedIn,192.03,133,7,743.87
2024-03-01,Email,120.63,73,1,30.4
2024-03-02,Google Ads,93.35,51,4,402.01
2024-03-02,Facebook,127.57,65,3,81.75
2024-03-02,Instagram,131.15,97,5,448.71
2024-03-02,TikTok,100.47,61,1,35.37
2024-03-02,LinkedIn,82.88,50,1,53.1
2024-03-02,Email,59.05,42,1,111.14
2024-03-03,Google Ads,137.45,104,3,229.27
2024-03-03,Facebook,258.42,189,14,1311.97
2024-03-03,Instagram ,78.27,57,4,87.3
2024-03-03,TikTok,61.64,41,1,25.76
2024-03-03,LinkedIn,135.24,107,1,54.48
2024-03-03,Email,165.79,125,4,207.63
2024-03-04,Google Ads,51.17,25,0,0.0
2024-03-04,Facebook,36.93,32,0,0.0
2024-03-04,Instagram,153.93,107,3,95.08
2024-03-04,TikTok,208.97,148,5,590.34
2024-03-04,LinkedIn,17.99,18,0,0.0
2024-03-04,Email ,,124,8,528.56
2024-03-05,Google Ads,222.71,151,6,362.76
2024-03-05,Facebook,172.7,100,4,149.35
2024-03-05,Instagram,81.89,63,4,273.84
2024-03-05,TikTok,128.85,97,3,197.9
2024-03-05,LinkedIn,263.16,186,9,618.41
2024-03-05,Email ,53.36,55,2,121.11
2024-03-06,Google Ads,123.67,77,6,592.06
2024-03-06,Facebook,155.11,123,3,285.87
2024-03-06,Instagram,130.87,91,7,496.56
2024-03-06,TikTok ,102.79,62,0,0.0
2024-03-06,LinkedIn,68.86,22,1,83.9
2024-03-06,Email,127.83,78,2,75.27
2024-03-07,Google Ads,104.08,76,4,240.97
2024-03-07,Facebook,80.17,55,1,46.08
2024-03-07,Instagram,98.65,76,5,190.05
2024-03-07,TikTok,132.02,99,5,566.38
2024-03-07,LinkedIn ,122.26,76,2,188.52
2024-03-07,Email,413.28,291,23,750.33
2024-03-08,Google Ads,477.19,344,12,1219.64
2024-03-08,Facebook,56.13,32,1,80.35
2024-03-08,Instagram,28.58,9,0,0.0
2024-03-08,TikTok,79.55,74,2,158.76
2024-03-08,LinkedIn,39.47,31,1,60.58
2024-03-08,Email,76.79,48,2,182.37
2024-03-09,Google Ads ,,102,2,102.65
2024-03-09,Facebook,77.52,49,3,315.54
2024-03-09,Instagram,42.54,34,1,82.74
2024-03-09,TikTok ,74.65,41,0,0.0
2024-03-09,LinkedIn,68.36,35,2,139.85
2024-03-09,Email,80.31,61,3,312.63
2024-03-10,Google Ads,49.5,36,0,0.0
2024-03-10,Facebook,64.91,46,3,346.52
2024-03-10,Instagram,118.56,83,1,34.65
2024-03-10,TikTok,111.81,56,2,122.78
2024-03-10,LinkedIn,167.1,117,6,254.34
2024-03-10,Email,66.13,55,4,125.32
2024-03-11,Google Ads,120.23,86,4,215.39
2024-03-11,Facebook ,83.14,52,1,50.8
2024-03-11,Instagram,,142,1,62.29
2024-03-11,TikTok,66.42,52,2,213.82
2024-03-11,LinkedIn,376.14,267,15,793.26
2024-03-11,Email,33.85,19,1,118.6
2024-03-12,Google Ads,213.49,141,10,495.37
2024-03-12,Facebook,117.82,82,4,378.61
2024-03-12,Instagram,74.9,41,2,128.22
2024-03-12,TikTok,236.5,173,10,736.4
2024-03-12,LinkedIn,171.54,125,3,167.48
2024-03-12,Email,67.73,52,3,260.81
2024-03-13,Google Ads ,147.96,90,2,167.75
2024-03-13,Facebook ,78.1,58,0,0.0
2024-03-13,Instagram ,115.58,85,5,161.95
2024-03-13,TikTok ,47.2,21,0,0.0
2024-03-13,LinkedIn ,176.94,133,6,647.85
2024-03-13,Email,292.41,211,11,868.55
2024-03-14,Google Ads,198.65,143,10,828.29
2024-03-14,Facebook ,103.36,74,1,106.43
2024-03-14,Instagram,93.72,72,2,233.61
2024-03-14,TikTok ,245.13,164,2,138.54
2024-03-14,LinkedIn,403.92,279,15,1518.54
2024-03-14,Email,89.94,64,2,225.17
2024-03-15,Google Ads,,100,3,316.89
2024-03-15,Facebook,86.12,44,1,99.34
2024-03-15,Instagram,107.53,57,1,89.18
2024-03-15,TikTok,71.91,67,1,34.29
2024-03-15,LinkedIn ,67.71,32,0,0.0
2024-03-15,Email ,138.38,88,4,409.85
2024-03-16,Google Ads,259.03,178,11,1150.88
2024-03-16,Facebook,53.41,40,2,156.05
2024-03-16,Instagram,183.06,154,10,642.6
2024-03-16,TikTok,161.34,106,3,65.61
2024-03-16,LinkedIn,48.0,50,2,182.54
2024-03-16,Email,103.79,84,2,149.5
2024-03-17,Google Ads,33.63,21,0,0.0
2024-03-17,Facebook,108.45,72,4,137.75
2024-03-17,Instagram,169.0,101,7,684.34
2024-03-17,TikTok ,162.53,124,9,990.44
2024-03-17,LinkedIn,184.23,143,3,83.12
2024-03-17,Email,70.02,41,1,96.18
2024-03-18,Google Ads,143.27,99,7,389.05
2024-03-18,Facebook,118.07,84,3,190.5
2024-03-18,Instagram,44.67,47,2,58.05
2024-03-18,TikTok,,92,5,304.95
2024-03-18,LinkedIn,278.54,205,3,216.17
2024-03-18,Email,91.36,42,0,0.0
2024-03-19,Google Ads ,,104,4,154.46
2024-03-19,Facebook,209.94,137,10,943.72
2024-03-19,Instagram ,116.67,71,4,250.39
2024-03-19,TikTok,73.92,55,0,0.0
2024-03-19,LinkedIn,91.73,72,5,470.09
2024-03-19,Email,96.81,67,1,112.6
2024-03-20,Google Ads,54.11,34,2,138.79
2024-03-20,Facebook ,17.88,0,0,0.0
2024-03-20,Instagram,121.0,100,1,113.45
2024-03-20,TikTok,117.54,82,3,213.39
2024-03-20,LinkedIn,97.68,77,4,382.44
2024-03-20,Email,277.73,197,9,224.11
2024-03-21,Google Ads,101.48,87,3,75.07
2024-03-21,Facebook,181.48,123,8,663.79
2024-03-21,Instagram,152.33,94,1,80.96
2024-03-21,TikTok ,61.92,32,1,94.53
2024-03-21,LinkedIn,129.63,94,2,201.4
2024-03-21,Email,63.3,39,0,0.0
2024-03-22,Google Ads,171.26,120,2,234.91
2024-03-22,Facebook,,208,2,229.19
2024-03-22,Instagram ,150.87,103,6,614.7
2024-03-22,TikTok,257.13,174,6,699.06
2024-03-22,LinkedIn,80.39,52,1,69.56
2024-03-22,Email,58.81,27,1,111.04
2024-03-23,Google Ads,192.97,143,11,453.3
2024-03-23,Facebook ,168.43,130,9,1040.96
2024-03-23,Instagram,63.2,54,2,151.12
2024-03-23,TikTok,84.58,70,1,45.76
2024-03-23,LinkedIn,63.0,32,1,57.28
2024-03-23,Email ,,19,0,0.0
2024-03-24,Google Ads,114.79,74,3,153.82
2024-03-24,Facebook ,77.44,53,1,104.99
2024-03-24,Instagram,61.2,29,0,0.0
2024-03-24,TikTok,149.11,122,1,99.81
2024-03-24,LinkedIn ,187.43,127,9,615.53
2024-03-24,Email ,125.46,88,1,69.94
2024-03-25,Google Ads,125.98,91,6,307.05
2024-03-25,Facebook ,221.67,163,10,996.63
2024-03-25,Instagram,76.76,54,2,144.54
2024-03-25,TikTok,196.62,156,2,149.21
2024-03-25,LinkedIn,151.73,95,4,163.96
2024-03-25,Email,201.05,132,9,560.48
2024-03-26,Google Ads ,273.61,184,12,432.26
2024-03-26,Facebook,105.96,59,2,130.76
2024-03-26,Instagram,56.62,39,1,106.09
2024-03-26,TikTok,125.41,68,1,70.34
2024-03-26,LinkedIn,168.79,112,6,515.2
2024-03-26,Email,75.35,71,1,119.48
2024-03-27,Google Ads,43.06,28,1,23.65
2024-03-27,Facebook,78.18,49,2,176.58
2024-03-27,Instagram,58.79,69,5,578.63
2024-03-27,TikTok,165.03,126,4,363.62
2024-03-27,LinkedIn,304.48,210,7,249.36
2024-03-27,Email,122.25,76,5,301.62
2024-03-28,Google Ads,43.54,39,1,119.07
2024-03-28,Facebook,152.99,106,7,346.91
2024-03-28,Instagram,272.65,173,5,150.53
2024-03-28,TikTok,163.75,116,8,835.72
2024-03-28,LinkedIn,39.16,31,0,0.0
2024-03-28,Email,68.82,51,3,123.09
2024-03-29,Google Ads,156.84,125,3,78.74
2024-03-29,Facebook,68.28,49,0,0.0
2024-03-29,Instagram,154.5,101,4,393.63
2024-03-29,TikTok,148.14,88,3,178.29
2024-03-29,LinkedIn,,55,3,300.22
2024-03-29,Email ,22.45,15,0,0.0
2024-03-30,Google Ads ,52.6,27,2,206.28
2024-03-30,Facebook,60.14,36,0,0.0
2024-03-30,Instagram,46.87,21,1,34.06
2024-03-30,TikTok,124.12,87,5,186.23
2024-03-30,LinkedIn,14.81,24,0,0.0
2024-03-30,Email,24.14,10,0,0.0
2024-03-31,Google Ads,133.02,85,6,251.05
2024-03-31,Facebook,201.31,131,4,106.15
2024-03-31,Instagram,98.54,68,2,88.46
2024-03-31,TikTok,60.61,30,0,0.0
2024-03-31,LinkedIn ,233.23,153,9,1015.94
2024-03-31,Email,95.19,63,4,141.39
2024-04-01,Google Ads,58.27,48,3,280.43
2024-04-01,Facebook,122.91,61,2,76.73
2024-04-01,Instagram,70.13,49,0,0.0
2024-04-01,TikTok,301.37,226,5,190.41
2024-04-01,LinkedIn,145.02,96,6,516.33
2024-04-01,Email,37.97,23,1,38.88
2024-04-02,Google Ads,94.99,61,0,0.0
2024-04-02,Facebook,87.63,64,4,387.02
2024-04-02,Instagram ,180.94,136,1,74.64
2024-04-02,TikTok,60.6,49,1,76.06
2024-04-02,LinkedIn,249.28,153,5,139.43
2024-04-02,Email ,302.92,215,17,1907.95
2024-04-03,Google Ads,120.67,81,1,22.65
2024-04-03,Facebook,208.92,153,11,257.21
2024-04-03,Instagram,78.82,58,1,30.31
2024-04-03,TikTok,141.49,79,2,182.99
2024-04-03,LinkedIn,189.52,128,6,249.05
2024-04-03,Email,,57,1,26.2
2024-04-04,Google Ads ,72.57,39,0,0.0
2024-04-04,Facebook,95.85,60,1,100.09
2024-04-04,Instagram,327.49,230,4,389.2
2024-04-04,TikTok,80.17,47,2,204.72
2024-04-04,LinkedIn,174.92,127,5,356.98
2024-04-04,Email,53.81,43,2,162.67
2024-04-05,Google Ads,36.45,34,0,0.0
2024-04-05,Facebook,,75,5,576.29
2024-04-05,Instagram ,61.85,34,0,0.0
2024-04-05,TikTok,34.89,13,0,0.0
2024-04-05,LinkedIn,90.38,70,2,160.32
2024-04-05,Email,123.23,97,3,247.62
2024-04-06,Google Ads,136.73,88,2,67.22
2024-04-06,Facebook,168.59,124,3,101.42
2024-04-06,Instagram,113.74,80,1,27.27
2024-04-06,TikTok ,95.72,57,1,94.35
2024-04-06,LinkedIn ,54.86,60,2,149.51
2024-04-06,Email ,163.3,118,2,154.18
2024-04-07,Google Ads,62.09,37,0,0.0
2024-04-07,Facebook,186.57,119,4,189.8
2024-04-07,Instagram ,119.3,101,4,152.93
2024-04-07,TikTok,,73,5,419.01
2024-04-07,LinkedIn,38.55,18,0,0.0
2024-04-07,Email,25.98,0,0,0.0
2024-04-08,Google Ads ,89.65,79,2,224.21
2024-04-08,Facebook,74.43,37,2,61.93
2024-04-08,Instagram ,88.22,77,1,105.93
2024-04-08,TikTok,116.85,91,6,597.46
2024-04-08,LinkedIn ,72.64,55,3,193.16
2024-04-08,Email ,182.7,137,2,70.13
2024-04-09,Google Ads,155.67,116,2,205.52
2024-04-09,Facebook,88.54,73,2,114.94
2024-04-09,Instagram,166.77,106,3,75.49
2024-04-09,TikTok,105.45,67,5,173.12
2024-04-09,LinkedIn,160.62,97,7,357.91
2024-04-09,Email ,90.82,61,3,169.11
2024-04-10,Google Ads ,208.5,140,2,64.0
2024-04-10,Facebook,62.98,50,0,0.0
2024-04-10,Instagram,95.83,56,0,0.0
2024-04-10,TikTok,71.53,54,2,77.88
2024-04-10,LinkedIn,83.91,74,4,288.08
2024-04-10,Email,88.09,61,2,78.73
2024-04-11,Google Ads,37.0,31,0,0.0
2024-04-11,Facebook,83.2,50,0,0.0
2024-04-11,Instagram,,144,4,287.47
2024-04-11,TikTok,214.78,146,9,400.9
2024-04-11,LinkedIn,219.09,148,3,171.57
2024-04-11,Email,91.94,37,2,156.06
2024-04-12,Google Ads,50.39,22,1,52.76
2024-04-12,Facebook,153.5,112,8,732.17
2024-04-12,Instagram,103.0,70,3,174.31
2024-04-12,TikTok,116.52,76,2,192.09
2024-04-12,LinkedIn,70.48,48,3,183.13
2024-04-12,Email,110.55,87,3,129.19
2024-04-13,Google Ads,46.81,47,0,0.0
2024-04-13,Facebook,120.58,87,3,91.0
2024-04-13,Instagram ,147.63,86,5,330.32
2024-04-13,TikTok ,119.54,81,2,208.78
2024-04-13,LinkedIn,172.0,128,4,407.82
2024-04-13,Email,328.81,231,14,1354.61
2024-04-14,Google Ads,212.06,154,8,211.24
2024-04-14,Facebook,163.02,113,7,410.5
2024-04-14,Instagram,57.32,31,2,136.1
2024-04-14,TikTok,113.77,84,3,188.82
2024-04-14,LinkedIn,85.11,54,2,148.88
2024-04-14,Email,272.69,197,15,1345.55
2024-04-15,Google Ads ,44.35,6,0,0.0
2024-04-15,Facebook,31.37,22,0,0.0
2024-04-15,Instagram,64.75,44,2,166.32
2024-04-15,TikTok ,226.67,163,9,497.01
2024-04-15,LinkedIn,272.14,191,13,962.39
2024-04-15,Email,116.16,80,6,450.38
2024-04-16,Google Ads,117.1,73,1,57.96
2024-04-16,Facebook,57.02,47,3,340.6
2024-04-16,Instagram ,102.96,74,1,81.24
2024-04-16,TikTok,116.7,93,2,224.74
2024-04-16,LinkedIn,167.61,121,6,379.55
2024-04-16,Email,166.36,123,2,140.32
2024-04-17,Google Ads,159.81,102,1,118.52
2024-04-17,Facebook,30.82,26,1,28.46
2024-04-17,Instagram,113.3,86,3,124.96
2024-04-17,TikTok,149.93,100,6,519.17
2024-04-17,LinkedIn,153.97,101,3,101.58
2024-04-17,Email ,280.38,198,5,302.73
2024-04-18,Google Ads,139.66,100,3,110.3
2024-04-18,Facebook,181.29,123,8,410.74
2024-04-18,Instagram ,,63,1,68.16
2024-04-18,TikTok ,43.57,15,0,0.0
2024-04-18,LinkedIn,44.13,27,0,0.0
2024-04-18,Email ,65.55,38,1,37.54
2024-04-19,Google Ads ,154.26,104,3,156.58
2024-04-19,Facebook ,118.29,79,2,227.5
2024-04-19,Instagram,40.87,34,2,101.94
2024-04-19,TikTok ,78.85,67,1,72.56
2024-04-19,LinkedIn,97.48,74,1,109.02
2024-04-19,Email,153.91,123,6,367.46
2024-04-20,Google Ads ,209.52,147,4,247.33
2024-04-20,Facebook ,104.45,85,3,187.05
2024-04-20,Instagram,,54,3,94.86
2024-04-20,TikTok ,234.01,153,3,70.65
2024-04-20,LinkedIn ,70.43,48,2,222.67
2024-04-20,Email,203.22,153,10,231.99
2024-04-21,Google Ads,264.61,170,5,229.0
2024-04-21,Facebook,45.76,19,1,69.91
2024-04-21,Instagram,201.68,131,10,1190.78
2024-04-21,TikTok ,113.56,79,3,112.99
2024-04-21,LinkedIn,221.43,152,6,136.74
2024-04-21,Email,128.24,80,5,375.46
2024-04-22,Google Ads ,157.25,117,8,643.89
2024-04-22,Facebook,134.39,92,4,369.78
2024-04-22,Instagram,167.86,112,4,450.1
2024-04-22,TikTok,50.53,41,2,117.36
2024-04-22,LinkedIn,137.99,92,3,223.95
2024-04-22,Email,62.01,64,1,65.02
2024-04-23,Google Ads,19.87,15,0,0.0
2024-04-23,Facebook ,249.05,167,1,28.52
2024-04-23,Instagram ,38.42,27,1,102.04
2024-04-23,TikTok,53.07,37,1,34.66
2024-04-23,LinkedIn,112.1,58,4,383.15
2024-04-23,Email ,65.3,36,2,148.9
2024-04-24,Google Ads,133.86,108,8,748.66
2024-04-24,Facebook,74.89,42,1,111.03
2024-04-24,Instagram,44.17,27,1,56.2
2024-04-24,TikTok,196.81,125,5,302.24
2024-04-24,LinkedIn ,28.08,37,1,63.08
2024-04-24,Email,,149,11,469.8
2024-04-25,Google Ads,18.33,18,0,0.0
2024-04-25,Facebook,52.84,33,1,59.03
2024-04-25,Instagram,166.16,109,1,69.7
2024-04-25,TikTok,24.54,17,0,0.0
2024-04-25,LinkedIn,133.57,79,2,164.89
2024-04-25,Email,212.07,152,4,82.18
2024-04-26,Google Ads,132.66,92,4,341.61
2024-04-26,Facebook,95.3,70,1,83.79
2024-04-26,Instagram,163.75,102,5,113.6
2024-04-26,TikTok ,122.91,82,5,181.05
2024-04-26,LinkedIn ,158.8,101,6,189.12
2024-04-26,Email,248.22,178,7,451.07
2024-04-27,Google Ads,128.54,84,0,0.0
2024-04-27,Facebook,114.12,83,3,319.95
2024-04-27,Instagram ,79.68,49,1,95.2
2024-04-27,TikTok,119.61,114,4,381.52
2024-04-27,LinkedIn,28.69,8,0,0.0
2024-04-27,Email ,106.61,70,1,114.49
2024-04-28,Google Ads,120.2,89,3,290.13
2024-04-28,Facebook,134.38,91,5,286.95
2024-04-28,Instagram,132.42,98,7,791.78
2024-04-28,TikTok ,81.48,62,2,98.06
2024-04-28,LinkedIn,264.42,194,4,237.98
2024-04-28,Email,231.52,155,7,577.7
2024-04-29,Google Ads,211.85,134,8,888.64
2024-04-29,Facebook,,77,5,293.03
2024-04-29,Instagram,62.35,43,2,40.45
2024-04-29,TikTok,121.95,72,0,0.0
2024-04-29,LinkedIn,107.85,74,5,290.43
2024-04-29,Email ,71.1,60,1,88.61
2024-04-30,Google Ads ,67.09,40,0,0.0
2024-04-30,Facebook,128.77,98,6,390.46
2024-04-30,Instagram,199.99,146,8,242.64
2024-04-30,TikTok,41.58,26,0,0.0
2024-04-30,LinkedIn,109.61,65,5,412.06
2024-04-30,Email,277.18,190,6,173.81
2024-05-01,Google Ads,120.07,60,1,118.46
2024-05-01,Facebook ,121.73,77,4,212.64
2024-05-01,Instagram,93.87,70,4,461.54
2024-05-01,TikTok,87.5,59,4,308.81
2024-05-01,LinkedIn,103.96,89,1,85.08
2024-05-01,Email,83.36,42,2,155.0
2024-05-02,Google Ads,34.94,26,0,0.0
2024-05-02,Facebook ,221.37,147,10,651.18
2024-05-02,Instagram,80.65,46,0,0.0
2024-05-02,TikTok,58.99,50,0,0.0
2024-05-02,LinkedIn,264.91,169,9,220.97
2024-05-02,Email ,103.17,55,1,51.81
2024-05-03,Google Ads ,236.99,171,7,378.56
2024-05-03,Facebook,97.87,53,3,127.33
2024-05-03,Instagram,91.03,74,0,0.0
2024-05-03,TikTok,75.37,55,4,433.62
2024-05-03,LinkedIn,40.88,35,0,0.0
2024-05-03,Email ,251.96,168,8,469.24
2024-05-04,Google Ads,343.21,233,11,1258.36
2024-05-04,Facebook ,139.6,101,2,181.7
2024-05-04,Instagram,315.7,226,14,586.9
2024-05-04,TikTok,126.42,88,3,211.83
2024-05-04,LinkedIn,176.6,123,4,455.04
2024-05-04,Email,185.36,133,7,300.37
2024-05-05,Google Ads,143.12,102,3,257.5
2024-05-05,Facebook,116.84,68,0,0.0
2024-05-05,Instagram,80.21,26,0,0.0
2024-05-05,TikTok,113.22,76,1,49.12
2024-05-05,LinkedIn,151.78,117,7,729.04
2024-05-05,Email,243.85,175,7,737.19
2024-05-06,Google Ads,180.95,124,9,319.61
2024-05-06,Facebook,194.18,128,1,48.36
2024-05-06,Instagram ,309.7,241,16,1394.34
2024-05-06,TikTok,103.26,61,4,301.79
2024-05-06,LinkedIn,46.92,44,2,239.51
2024-05-06,Email,161.43,113,1,107.83
2024-05-07,Google Ads,79.74,42,0,0.0
2024-05-07,Facebook,135.51,69,4,343.54
2024-05-07,Instagram,131.08,108,1,90.25
2024-05-07,TikTok ,96.27,60,4,292.41
2024-05-07,LinkedIn,82.69,63,4,245.02
2024-05-07,Email,158.12,115,7,514.26
2024-05-08,Google Ads,146.67,104,3,104.0
2024-05-08,Facebook,26.15,10,0,0.0
2024-05-08,Instagram,142.53,104,6,656.0
2024-05-08,TikTok,261.48,192,13,1451.98
2024-05-08,LinkedIn,23.85,24,1,78.73
2024-05-08,Email,242.73,156,7,440.03
2024-05-09,Google Ads,132.09,95,5,515.96
2024-05-09,Facebook,114.93,75,4,90.27
2024-05-09,Instagram,88.13,67,2,213.74
2024-05-09,TikTok,91.31,35,2,131.62
2024-05-09,LinkedIn,73.78,62,1,50.12
2024-05-09,Email,78.34,64,4,344.71
2024-05-10,Google Ads,82.5,32,0,0.0
2024-05-10,Facebook,66.53,44,3,204.76
2024-05-10,Instagram,45.16,37,2,101.8
2024-05-10,TikTok,154.63,113,8,287.04
2024-05-10,LinkedIn,,53,1,85.18
2024-05-10,Email ,122.74,81,4,237.52
2024-05-11,Google Ads ,81.62,68,1,69.31
2024-05-11,Facebook,71.69,43,1,28.96
2024-05-11,Instagram ,90.56,63,2,77.78
2024-05-11,TikTok,146.46,120,8,784.32
2024-05-11,LinkedIn,67.08,52,1,115.67
2024-05-11,Email,105.67,82,3,158.15
2024-05-12,Google Ads,82.44,63,1,63.34
2024-05-12,Facebook,69.32,44,1,82.69
2024-05-12,Instagram ,81.12,72,2,148.16
2024-05-12,TikTok,63.73,30,1,40.91
2024-05-12,LinkedIn,106.52,81,2,238.15
2024-05-12,Email,175.05,126,9,944.47
2024-05-13,Google Ads,255.74,168,13,857.74
2024-05-13,Facebook,56.27,45,1,65.51
2024-05-13,Instagram,152.55,92,6,451.82
2024-05-13,TikTok,118.04,95,4,381.21
2024-05-13,LinkedIn,103.3,62,4,452.15
2024-05-13,Email,159.51,90,2,202.56
2024-05-14,Google Ads,63.63,47,3,352.15
2024-05-14,Facebook,203.3,140,11,748.79
2024-05-14,Instagram ,121.76,99,5,376.88
2024-05-14,TikTok,61.81,21,0,0.0
2024-05-14,LinkedIn,122.57,96,7,670.13
2024-05-14,Email,141.64,93,5,119.72
2024-05-15,Google Ads,165.58,114,2,136.86
2024-05-15,Facebook,133.1,100,7,562.92
2024-05-15,Instagram,153.21,71,4,243.5
2024-05-15,TikTok,97.95,77,3,208.63
2024-05-15,LinkedIn,179.77,130,2,179.83
2024-05-15,Email,182.37,123,2,142.43
2024-05-16,Google Ads,402.66,283,6,206.43
2024-05-16,Facebook,148.65,102,4,308.28
2024-05-16,Instagram,128.82,89,3,109.69
2024-05-16,TikTok,,70,0,0.0
2024-05-16,LinkedIn,95.93,72,3,221.12
2024-05-16,Email,160.5,109,7,385.54
2024-05-17,Google Ads,48.55,54,2,142.73
2024-05-17,Facebook ,98.4,75,1,54.83
2024-05-17,Instagram,68.56,52,1,74.37
2024-05-17,TikTok ,131.94,90,5,135.05
2024-05-17,LinkedIn,,87,1,22.7
2024-05-17,Email,,36,0,0.0
2024-05-18,Google Ads,40.83,25,1,92.71
2024-05-18,Facebook,122.29,83,3,276.83
2024-05-18,Instagram,96.84,66,2,221.77
2024-05-18,TikTok ,92.99,53,1,102.67
2024-05-18,LinkedIn,62.36,39,2,123.78
2024-05-18,Email,114.38,75,5,263.61
2024-05-19,Google Ads,150.71,93,4,324.46
2024-05-19,Facebook,92.52,67,2,159.34
2024-05-19,Instagram,71.95,53,3,252.44
2024-05-19,TikTok,29.09,22,0,0.0
2024-05-19,LinkedIn,112.55,72,4,250.61
2024-05-19,Email,147.96,97,2,142.32
2024-05-20,Google Ads,74.26,37,2,219.75
2024-05-20,Facebook,53.41,39,0,0.0
2024-05-20,Instagram,63.89,32,0,0.0
2024-05-20,TikTok,30.59,16,0,0.0
2024-05-20,LinkedIn,52.02,32,1,33.62
2024-05-20,Email,47.1,31,2,168.53
2024-05-21,Google Ads,61.7,45,3,229.67
2024-05-21,Facebook,130.83,107,2,93.91
2024-05-21,Instagram,93.69,52,3,175.12
2024-05-21,TikTok,201.46,135,7,544.8
2024-05-21,LinkedIn,30.1,15,0,0.0
2024-05-21,Email ,134.69,85,4,362.75
2024-05-22,Google Ads,163.61,97,2,45.05
2024-05-22,Facebook,93.36,51,2,177.52
2024-05-22,Instagram ,234.39,173,12,420.85
2024-05-22,TikTok,48.54,46,0,0.0
2024-05-22,LinkedIn,145.09,98,5,505.25
2024-05-22,Email,188.18,125,7,748.14
2024-05-23,Google Ads,95.53,76,4,457.47
2024-05-23,Facebook ,69.88,38,2,87.36
2024-05-23,Instagram,259.75,181,3,244.61
2024-05-23,TikTok,107.89,80,1,115.61
2024-05-23,LinkedIn,147.58,141,2,234.01
2024-05-23,Email ,85.46,66,3,295.93
2024-05-24,Google Ads,187.16,124,8,351.27
2024-05-24,Facebook,95.1,61,3,252.59
2024-05-24,Instagram,111.75,78,2,55.88
2024-05-24,TikTok,105.84,80,4,95.06
2024-05-24,LinkedIn,45.47,25,1,46.4
2024-05-24,Email ,72.19,48,1,97.6
2024-05-25,Google Ads,172.54,136,4,369.16
2024-05-25,Facebook ,130.58,97,4,108.52
2024-05-25,Instagram,16.44,14,0,0.0
2024-05-25,TikTok,38.07,19,1,110.39
2024-05-25,LinkedIn,129.94,94,7,827.71
2024-05-25,Email,157.93,81,5,582.71
2024-05-26,Google Ads,163.96,113,6,333.42
2024-05-26,Facebook,148.4,104,1,46.61
2024-05-26,Instagram,62.85,70,1,113.84
2024-05-26,TikTok ,85.68,50,2,237.28
2024-05-26,LinkedIn,16.81,24,0,0.0
2024-05-26,Email ,176.41,119,4,405.0
2024-05-27,Google Ads ,76.04,46,0,0.0
2024-05-27,Facebook,102.07,73,2,63.54
2024-05-27,Instagram,16.25,9,0,0.0
2024-05-27,TikTok,152.39,115,6,576.78
2024-05-27,LinkedIn ,111.04,95,6,196.48
2024-05-27,Email,40.97,19,0,0.0
2024-05-28,Google Ads,77.31,66,3,112.37
2024-05-28,Facebook ,212.74,159,11,629.91
2024-05-28,Instagram,64.43,52,0,0.0
2024-05-28,TikTok,153.47,113,3,352.93
2024-05-28,LinkedIn,50.58,33,1,95.9
2024-05-28,Email,,169,7,200.09
2024-05-29,Google Ads,32.23,35,1,82.35
2024-05-29,Facebook,109.66,63,1,41.51
2024-05-29,Instagram ,28.03,15,0,0.0
2024-05-29,TikTok,38.81,27,1,114.5
2024-05-29,LinkedIn,159.13,104,1,60.15
2024-05-29,Email,182.08,134,4,419.09
2024-05-30,Google Ads,85.52,73,3,261.3
2024-05-30,Facebook,95.99,56,0,0.0
2024-05-30,Instagram ,102.06,71,1,62.61
2024-05-30,TikTok,58.48,52,3,280.84
2024-05-30,LinkedIn,85.38,57,4,337.09
2024-05-30,Email,69.9,46,3,344.53
2024-05-31,Google Ads,79.36,46,3,113.14
2024-05-31,Facebook,75.79,35,1,80.67
2024-05-31,Instagram,59.81,29,0,0.0
2024-05-31,TikTok,48.85,38,2,70.41
2024-05-31,LinkedIn,98.04,66,4,379.48
2024-05-31,Email ,253.52,175,8,701.84
2024-06-01,Google Ads,45.35,27,1,105.94
2024-06-01,Facebook,,78,5,432.85
2024-06-01,Instagram,93.24,69,5,556.33
2024-06-01,TikTok ,109.54,76,2,41.46
2024-06-01,LinkedIn,91.43,90,2,145.86
2024-06-01,Email,113.2,56,3,258.89
2024-06-02,Google Ads,73.67,51,2,88.39
2024-06-02,Facebook,108.6,84,2,113.1
2024-06-02,Instagram,100.61,83,4,394.1
2024-06-02,TikTok,165.47,113,4,237.71
2024-06-02,LinkedIn,21.25,11,0,0.0
2024-06-02,Email,36.95,7,0,0.0
2024-06-03,Google Ads,46.85,35,2,210.25
2024-06-03,Facebook ,152.78,111,2,172.63
2024-06-03,Instagram,135.57,93,6,423.02
2024-06-03,TikTok,45.95,43,3,302.0
2024-06-03,LinkedIn,107.79,67,4,273.86
2024-06-03,Email,106.46,60,0,0.0
2024-06-04,Google Ads ,80.71,54,1,41.33
2024-06-04,Facebook,119.94,78,2,200.87
2024-06-04,Instagram ,225.51,157,6,419.73
2024-06-04,TikTok,236.66,170,13,1331.51
2024-06-04,LinkedIn,167.81,129,8,797.49
2024-06-04,Email,178.81,120,2,209.45
2024-06-05,Google Ads,56.02,34,1,98.75
2024-06-05,Facebook,183.93,141,5,330.25
2024-06-05,Instagram ,180.58,128,1,100.64
2024-06-05,TikTok,147.21,89,4,298.18
2024-06-05,LinkedIn ,,74,2,64.15
2024-06-05,Email,110.23,67,3,275.59
2024-06-06,Google Ads,172.62,114,3,202.73
2024-06-06,Facebook,76.27,41,2,208.17
2024-06-06,Instagram,103.79,71,3,294.0
2024-06-06,TikTok,84.16,58,1,42.31
2024-06-06,LinkedIn,44.53,34,1,98.36
2024-06-06,Email,156.55,98,7,663.67
2024-06-07,Google Ads ,138.61,103,7,534.05
2024-06-07,Facebook,231.64,189,14,534.82
2024-06-07,Instagram,86.0,56,3,172.92
2024-06-07,TikTok ,35.38,9,0,0.0
2024-06-07,LinkedIn ,301.43,228,18,1942.85
2024-06-07,Email,76.9,37,1,45.57
2024-06-08,Google Ads ,40.37,20,1,21.11
2024-06-08,Facebook,117.59,80,1,95.49
2024-06-08,Instagram,118.62,80,3,92.63
2024-06-08,TikTok,60.1,61,3,198.64
2024-06-08,LinkedIn,79.05,45,2,106.06
2024-06-08,Email,90.57,44,3,89.1
2024-06-09,Google Ads,,143,11,461.91
2024-06-09,Facebook ,59.97,32,2,182.79
2024-06-09,Instagram,30.16,31,1,78.16
2024-06-09,TikTok,50.27,41,1,54.02
2024-06-09,LinkedIn,159.24,94,3,133.77
2024-06-09,Email ,,94,3,318.03
2024-06-10,Google Ads,57.64,31,1,108.93
2024-06-10,Facebook,68.37,43,1,70.38
2024-06-10,Instagram ,59.7,39,2,210.72
2024-06-10,TikTok,98.81,67,3,75.45
2024-06-10,LinkedIn,140.23,93,6,635.33
2024-06-10,Email,79.67,56,2,98.67
2024-06-11,Google Ads,101.72,64,2,152.48
2024-06-11,Facebook ,161.92,125,9,1018.42
2024-06-11,Instagram,60.83,36,1,47.89
2024-06-11,TikTok,152.45,104,3,288.51
2024-06-11,LinkedIn,88.09,72,1,32.25
2024-06-11,Email,43.54,34,2,82.3
2024-06-12,Google Ads ,69.08,27,0,0.0
2024-06-12,Facebook ,62.02,33,1,83.36
2024-06-12,Instagram ,64.36,61,4,310.01
2024-06-12,TikTok,79.81,58,3,276.72
2024-06-12,LinkedIn,171.88,122,3,359.21
2024-06-12,Email,312.11,221,10,1144.74
2024-06-13,Google Ads,63.74,45,2,98.55
2024-06-13,Facebook,116.39,78,3,254.23
2024-06-13,Instagram,185.77,135,4,302.06
2024-06-13,TikTok ,207.0,147,2,129.31
2024-06-13,LinkedIn,149.01,88,5,228.82
2024-06-13,Email,139.35,93,3,207.4
2024-06-14,Google Ads,209.05,146,5,446.9
2024-06-14,Facebook,47.85,48,3,325.19
2024-06-14,Instagram ,226.27,151,5,309.22
2024-06-14,TikTok ,90.29,53,1,37.28
2024-06-14,LinkedIn,151.81,113,1,53.56
2024-06-14,Email,140.01,102,4,295.06
2024-06-15,Google Ads,143.92,86,6,273.97
2024-06-15,Facebook,127.69,96,7,670.1
2024-06-15,Instagram,95.28,72,1,109.99
2024-06-15,TikTok,121.51,75,1,99.08
2024-06-15,LinkedIn ,139.49,99,7,773.94
2024-06-15,Email,162.08,108,1,37.24
2024-06-16,Google Ads,34.73,33,0,0.0
2024-06-16,Facebook,123.47,63,1,106.11
2024-06-16,Instagram,143.15,111,7,351.66
2024-06-16,TikTok,79.75,32,0,0.0
2024-06-16,LinkedIn ,178.28,139,10,250.22
2024-06-16,Email ,135.67,99,4,176.16
2024-06-17,Google Ads,261.79,179,10,834.88
2024-06-17,Facebook,63.4,41,1,55.98
2024-06-17,Instagram,66.3,53,1,116.62
2024-06-17,TikTok ,,40,1,49.76
2024-06-17,LinkedIn,314.29,220,8,596.85
2024-06-17,Email,147.52,97,4,189.65
2024-06-18,Google Ads,181.31,141,1,82.53
2024-06-18,Facebook,368.21,259,12,697.94
2024-06-18,Instagram,91.56,61,4,409.64
2024-06-18,TikTok ,159.91,95,6,337.02
2024-06-18,LinkedIn,140.4,97,7,586.41
2024-06-18,Email,231.89,161,11,1274.62
2024-06-19,Google Ads,56.6,36,1,115.48
2024-06-19,Facebook ,212.88,155,2,213.36
2024-06-19,Instagram,212.6,150,6,585.56
2024-06-19,TikTok,64.0,37,0,0.0
2024-06-19,LinkedIn,201.01,138,10,602.87
2024-06-19,Email ,57.73,44,2,56.5
2024-06-20,Google Ads,88.36,56,2,138.77
2024-06-20,Facebook ,127.54,86,1,69.16
2024-06-20,Instagram,153.38,94,5,213.84
2024-06-20,TikTok ,87.24,80,2,118.17
2024-06-20,LinkedIn ,250.33,181,4,153.57
2024-06-20,Email,265.32,180,2,94.86
2024-06-21,Google Ads,120.76,88,1,66.47
2024-06-21,Facebook,32.93,35,1,91.04
2024-06-21,Instagram,212.54,141,4,462.51
2024-06-21,TikTok,107.47,67,1,97.02
2024-06-21,LinkedIn,65.68,41,1,30.27
2024-06-21,Email,,82,1,39.73
2024-06-22,Google Ads ,132.96,85,5,257.59
2024-06-22,Facebook,154.87,121,9,666.3
2024-06-22,Instagram ,71.64,57,3,278.32
2024-06-22,TikTok,47.23,33,0,0.0
2024-06-22,LinkedIn,141.97,108,2,93.44
2024-06-22,Email,28.62,30,0,0.0
2024-06-23,Google Ads,212.86,141,1,96.1
2024-06-23,Facebook,196.85,124,1,104.78
2024-06-23,Instagram,93.0,79,3,100.5
2024-06-23,TikTok,115.36,82,2,109.7
2024-06-23,LinkedIn,42.07,29,1,41.38
2024-06-23,Email,313.41,225,15,505.09
2024-06-24,Google Ads,219.61,156,2,57.23
2024-06-24,Facebook,112.37,76,3,292.17
2024-06-24,Instagram,39.79,39,0,0.0
2024-06-24,TikTok,102.3,72,2,62.02
2024-06-24,LinkedIn,73.5,50,0,0.0
2024-06-24,Email,216.99,142,10,386.7
2024-06-25,Google Ads,56.47,48,2,194.42
2024-06-25,Facebook,44.37,28,1,72.92
2024-06-25,Instagram,47.97,31,1,82.94
2024-06-25,TikTok,83.72,60,1,90.21
2024-06-25,LinkedIn ,158.75,121,7,298.96
2024-06-25,Email,111.6,91,5,260.51
2024-06-26,Google Ads,43.3,36,0,0.0
2024-06-26,Facebook,36.63,23,1,53.62
2024-06-26,Instagram,21.34,26,0,0.0
2024-06-26,TikTok,59.92,43,2,69.24
2024-06-26,LinkedIn,65.34,43,1,89.24
2024-06-26,Email,113.96,80,1,112.39
2024-06-27,Google Ads,140.0,99,7,370.3
2024-06-27,Facebook,88.51,64,2,180.12
2024-06-27,Instagram,82.12,53,2,221.86
2024-06-27,TikTok,6.65,4,0,0.0
2024-06-27,LinkedIn,160.31,127,8,304.87
2024-06-27,Email ,246.74,174,13,1348.14
2024-06-28,Google Ads ,143.07,102,4,362.51
2024-06-28,Facebook ,105.15,82,1,102.55
2024-06-28,Instagram,97.01,76,1,58.76
2024-06-28,TikTok ,14.01,24,0,0.0
2024-06-28,LinkedIn,139.83,105,4,342.24
2024-06-28,Email,95.3,60,2,53.79
2024-06-29,Google Ads,,153,9,781.59
2024-06-29,Facebook,100.34,68,2,158.53
2024-06-29,Instagram ,114.55,95,4,103.14
2024-06-29,TikTok,64.82,59,4,99.06
2024-06-29,LinkedIn,52.56,33,2,98.15
2024-06-29,Email,46.78,27,1,39.99
2024-06-30,Google Ads,35.89,29,0,0.0
2024-06-30,Facebook,72.18,53,3,92.82
2024-06-30,Instagram,61.52,32,1,64.14
2024-06-30,TikTok,175.81,110,7,331.09
2024-06-30,LinkedIn,159.64,110,4,336.98
2024-06-30,Email,49.01,42,0,0.0
2024-07-01,Google Ads,254.51,169,4,329.84
2024-07-01,Facebook ,53.1,27,0,0.0
2024-07-01,Instagram,88.03,45,0,0.0
2024-07-01,TikTok,42.99,14,0,0.0
2024-07-01,LinkedIn ,255.24,168,10,1134.15
2024-07-01,Email,79.86,58,0,0.0
2024-07-02,Google Ads ,74.58,39,2,115.69
2024-07-02,Facebook,165.28,115,2,209.53
2024-07-02,Instagram,71.48,42,3,211.71
2024-07-02,TikTok,182.6,124,6,358.57
2024-07-02,LinkedIn,137.32,112,3,331.36
2024-07-02,Email,,26,0,0.0
2024-07-03,Google Ads ,202.05,136,6,462.44
2024-07-03,Facebook,236.35,158,4,109.25
2024-07-03,Instagram,34.95,30,1,118.76
2024-07-03,TikTok,102.04,83,5,450.73
2024-07-03,LinkedIn ,191.64,111,3,82.38
2024-07-03,Email,109.55,88,2,123.57
2024-07-04,Google Ads ,64.84,51,3,180.09
2024-07-04,Facebook,108.26,80,4,247.75
2024-07-04,Instagram,76.77,59,1,93.21
2024-07-04,TikTok,66.2,38,1,101.73
2024-07-04,LinkedIn,197.31,137,4,390.24
2024-07-04,Email ,,73,4,449.77
2024-07-05,Google Ads ,134.93,91,4,171.81
2024-07-05,Facebook ,2.71,0,0,0.0
2024-07-05,Instagram,129.06,81,2,81.75
2024-07-05,TikTok ,76.89,55,2,75.08
2024-07-05,LinkedIn ,209.63,163,3,224.74
2024-07-05,Email ,67.26,56,1,47.69
2024-07-06,Google Ads,49.07,53,1,44.3
2024-07-06,Facebook ,109.14,85,3,119.23
2024-07-06,Instagram,83.3,50,1,61.0
2024-07-06,TikTok ,181.21,116,8,466.71
2024-07-06,LinkedIn,80.81,62,0,0.0
2024-07-06,Email,99.2,68,2,195.3
2024-07-07,Google Ads,159.4,130,1,116.54
2024-07-07,Facebook,65.98,45,2,118.82
2024-07-07,Instagram,89.85,64,3,229.03
2024-07-07,TikTok,67.76,33,2,103.26
2024-07-07,LinkedIn,60.72,52,0,0.0
2024-07-07,Email ,106.66,78,5,428.89
2024-07-08,Google Ads,99.61,59,3,122.53
2024-07-08,Facebook,144.35,121,6,607.72
2024-07-08,Instagram ,131.91,93,6,145.55
2024-07-08,TikTok,29.63,18,1,111.39
2024-07-08,LinkedIn,181.47,115,4,355.69
2024-07-08,Email,155.96,93,2,116.32
2024-07-09,Google Ads,67.17,37,2,180.48
2024-07-09,Facebook,78.62,59,3,83.97
2024-07-09,Instagram,161.66,121,6,568.71
2024-07-09,TikTok,101.46,77,4,378.8
2024-07-09,LinkedIn,28.3,9,0,0.0
2024-07-09,Email,136.2,101,3,235.9
2024-07-10,Google Ads,122.54,82,6,609.34
2024-07-10,Facebook,209.0,145,11,959.21
2024-07-10,Instagram,159.22,111,2,207.71
2024-07-10,TikTok,40.84,37,2,163.15
2024-07-10,LinkedIn,129.83,95,7,682.15
2024-07-10,Email,60.44,21,0,0.0
2024-07-11,Google Ads,135.24,92,1,83.46
2024-07-11,Facebook ,100.71,59,3,121.54
2024-07-11,Instagram,81.55,49,2,72.97
2024-07-11,TikTok,173.25,123,7,678.58
2024-07-11,LinkedIn ,186.4,136,2,105.14
2024-07-11,Email,113.08,68,3,70.88
2024-07-12,Google Ads,98.56,71,3,175.82
2024-07-12,Facebook ,278.97,192,14,1309.56
2024-07-12,Instagram,47.4,27,0,0.0
2024-07-12,TikTok ,253.91,170,10,1062.9
2024-07-12,LinkedIn,222.79,139,7,220.02
2024-07-12,Email,107.72,80,1,31.94
2024-07-13,Google Ads,105.22,67,0,0.0
2024-07-13,Facebook,55.65,35,1,36.46
2024-07-13,Instagram,75.08,59,1,45.52
2024-07-13,TikTok ,143.15,104,5,493.81
2024-07-13,LinkedIn,208.43,145,6,186.81
2024-07-13,Email ,49.17,21,1,97.57
2024-07-14,Google Ads,204.61,149,11,1148.63
2024-07-14,Facebook ,123.38,91,5,241.11
2024-07-14,Instagram,309.29,232,10,917.56
2024-07-14,TikTok,82.34,42,3,262.77
2024-07-14,LinkedIn,,82,4,341.09
2024-07-14,Email,127.38,78,5,248.51
2024-07-15,Google Ads,48.58,43,2,233.64
2024-07-15,Facebook,,69,3,358.8
2024-07-15,Instagram ,110.95,75,4,178.54
2024-07-15,TikTok,174.83,128,4,327.07
2024-07-15,LinkedIn,84.72,52,0,0.0
2024-07-15,Email,57.69,36,2,47.74
2024-07-16,Google Ads,212.81,160,12,986.56
2024-07-16,Facebook,148.26,102,5,465.25
2024-07-16,Instagram,100.8,75,4,105.49
2024-07-16,TikTok,,82,5,361.45
2024-07-16,LinkedIn ,230.27,166,10,885.74
2024-07-16,Email ,367.74,269,10,976.48
2024-07-17,Google Ads ,305.53,210,4,101.51
2024-07-17,Facebook,244.76,170,3,316.27
2024-07-17,Instagram,126.45,96,7,455.81
2024-07-17,TikTok,136.66,98,4,110.43
2024-07-17,LinkedIn,81.43,62,4,144.14
2024-07-17,Email,243.66,181,6,279.74
2024-07-18,Google Ads,56.04,30,1,73.84
2024-07-18,Facebook,50.27,43,2,136.42
2024-07-18,Instagram,82.78,77,2,88.55
2024-07-18,TikTok ,114.65,83,2,131.93
2024-07-18,LinkedIn,53.33,25,1,108.76
2024-07-18,Email,80.45,58,1,59.45
2024-07-19,Google Ads,191.88,140,2,73.96
2024-07-19,Facebook,67.3,49,0,0.0
2024-07-19,Instagram ,98.88,74,2,110.42
2024-07-19,TikTok,55.37,56,3,100.86
2024-07-19,LinkedIn,96.11,54,3,204.87
2024-07-19,Email,201.27,144,9,268.61
2024-07-20,Google Ads,49.64,52,2,56.3
2024-07-20,Facebook,115.88,81,5,289.13
2024-07-20,Instagram,,64,0,0.0
2024-07-20,TikTok,137.03,81,2,151.16
2024-07-20,LinkedIn,235.78,177,6,273.12
2024-07-20,Email,114.18,73,1,73.09
2024-07-21,Google Ads,242.39,163,9,498.06
2024-07-21,Facebook ,,75,2,152.67
2024-07-21,Instagram ,63.39,51,3,262.33
2024-07-21,TikTok,261.22,196,9,515.36
2024-07-21,LinkedIn,137.84,100,7,557.43
2024-07-21,Email,474.91,324,6,203.44
2024-07-22,Google Ads,125.52,98,6,597.54
2024-07-22,Facebook,96.24,65,4,186.48
2024-07-22,Instagram ,255.77,188,2,236.68
2024-07-22,TikTok,294.51,235,14,1120.06
2024-07-22,LinkedIn,126.84,87,4,134.03
2024-07-22,Email,133.76,104,6,276.28
2024-07-23,Google Ads,37.3,26,1,51.96
2024-07-23,Facebook,74.0,47,3,172.55
2024-07-23,Instagram,82.96,60,2,115.84
2024-07-23,TikTok,154.91,125,4,223.37
2024-07-23,LinkedIn,77.46,59,0,0.0
2024-07-23,Email,259.92,178,10,1196.6
2024-07-24,Google Ads,36.49,47,2,188.49
2024-07-24,Facebook,188.12,113,6,277.26
2024-07-24,Instagram ,23.71,8,0,0.0
2024-07-24,TikTok,150.23,109,3,183.11
2024-07-24,LinkedIn,25.48,29,1,60.53
2024-07-24,Email,,73,5,533.41
2024-07-25,Google Ads,206.2,152,8,718.48
2024-07-25,Facebook,30.36,9,0,0.0
2024-07-25,Instagram,72.03,47,3,118.83
2024-07-25,TikTok,60.67,59,3,350.26
2024-07-25,LinkedIn,136.16,104,6,198.41
2024-07-25,Email,148.85,105,7,688.98
2024-07-26,Google Ads,135.42,89,1,34.74
2024-07-26,Facebook,82.84,48,0,0.0
2024-07-26,Instagram,112.1,76,2,196.14
2024-07-26,TikTok,166.19,110,7,769.05
2024-07-26,LinkedIn,206.86,111,5,518.06
2024-07-26,Email,36.53,17,0,0.0
2024-07-27,Google Ads,170.02,123,9,612.94
2024-07-27,Facebook ,51.64,48,1,55.97
2024-07-27,Instagram,227.07,161,11,984.87
2024-07-27,TikTok ,,159,7,456.05
2024-07-27,LinkedIn,73.7,48,3,197.15
2024-07-27,Email,75.95,51,3,309.23
2024-07-28,Google Ads,81.05,49,2,120.67
2024-07-28,Facebook,83.8,59,2,119.63
2024-07-28,Instagram,80.68,46,1,43.88
2024-07-28,TikTok ,125.41,88,1,94.22
2024-07-28,LinkedIn,332.94,234,8,313.84
2024-07-28,Email,100.06,48,0,0.0
2024-07-29,Google Ads,134.67,92,1,66.64
2024-07-29,Facebook,38.67,25,0,0.0
2024-07-29,Instagram,219.85,163,5,441.75
2024-07-29,TikTok,479.54,345,26,2115.44
2024-07-29,LinkedIn,76.52,71,2,149.95
2024-07-29,Email,76.53,52,3,302.93
2024-07-30,Google Ads,126.38,88,2,151.82
2024-07-30,Facebook,333.7,232,11,727.17
2024-07-30,Instagram,157.36,111,4,96.88
2024-07-30,TikTok ,67.82,48,2,64.11
2024-07-30,LinkedIn,49.84,21,1,41.46
2024-07-30,Email,62.89,38,2,89.24
2024-07-31,Google Ads,116.27,65,1,71.28
2024-07-31,Facebook,62.86,32,0,0.0
2024-07-31,Instagram,123.01,90,4,87.75
2024-07-31,TikTok,61.97,51,2,113.73
2024-07-31,LinkedIn,90.93,46,3,67.09
2024-07-31,Email,166.78,123,4,349.46
2024-08-01,Google Ads,72.87,33,1,20.59
2024-08-01,Facebook,147.14,105,7,635.47
2024-08-01,Instagram,57.77,33,0,0.0
2024-08-01,TikTok,63.8,44,1,74.02
2024-08-01,LinkedIn ,47.81,23,1,69.49
2024-08-01,Email,200.28,144,10,793.0
2024-08-02,Google Ads,99.03,63,1,111.82
2024-08-02,Facebook,125.75,95,2,233.9
2024-08-02,Instagram,192.38,142,2,72.79
2024-08-02,TikTok,169.83,126,4,418.72
2024-08-02,LinkedIn,116.39,91,2,81.35
2024-08-02,Email,100.19,66,2,87.31
2024-08-03,Google Ads,51.27,33,0,0.0
2024-08-03,Facebook,51.74,38,0,0.0
2024-08-03,Instagram,149.9,108,8,772.98
2024-08-03,TikTok,40.85,15,0,0.0
2024-08-03,LinkedIn,117.52,90,4,273.08
2024-08-03,Email,105.62,73,3,82.48
2024-08-04,Google Ads,54.54,35,2,197.34
2024-08-04,Facebook,50.66,28,1,104.15
2024-08-04,Instagram,135.89,87,1,64.07
2024-08-04,TikTok ,79.11,46,1,118.96
2024-08-04,LinkedIn,51.87,39,2,189.33
2024-08-04,Email ,89.79,66,2,95.75
2024-08-05,Google Ads,222.84,156,1,115.68
2024-08-05,Facebook,89.15,52,2,225.37
2024-08-05,Instagram,38.52,15,0,0.0
2024-08-05,TikTok,,31,2,207.34
2024-08-05,LinkedIn,125.86,96,6,607.57
2024-08-05,Email,93.08,71,0,0.0
2024-08-06,Google Ads,168.1,116,4,399.41
2024-08-06,Facebook,196.43,139,10,917.11
2024-08-06,Instagram,56.53,53,2,43.74
2024-08-06,TikTok,98.86,72,1,103.07
2024-08-06,LinkedIn,84.27,70,2,88.19
2024-08-06,Email ,110.52,83,1,44.76
2024-08-07,Google Ads,,128,4,109.54
2024-08-07,Facebook,282.38,192,8,234.31
2024-08-07,Instagram,255.11,189,10,278.36
2024-08-07,TikTok,184.39,120,8,475.68
2024-08-07,LinkedIn,87.55,84,1,27.21
2024-08-07,Email,107.02,73,1,66.95
2024-08-08,Google Ads,112.63,81,6,281.79
2024-08-08,Facebook,36.13,15,0,0.0
2024-08-08,Instagram,194.19,136,5,104.81
2024-08-08,TikTok,146.26,89,1,67.43
2024-08-08,LinkedIn,183.2,134,7,419.1
2024-08-08,Email,199.2,136,5,392.78
2024-08-09,Google Ads ,109.1,85,3,208.43
2024-08-09,Facebook,29.51,10,0,0.0
2024-08-09,Instagram,144.9,102,1,109.02
2024-08-09,TikTok,109.71,82,0,0.0
2024-08-09,LinkedIn,61.01,41,0,0.0
2024-08-09,Email,111.19,76,4,100.53
2024-08-10,Google Ads,186.75,126,6,362.45
2024-08-10,Facebook,71.87,67,1,52.84
2024-08-10,Instagram,124.54,107,3,321.72
2024-08-10,TikTok,86.16,56,3,68.73
2024-08-10,LinkedIn ,236.97,184,10,548.95
2024-08-10,Email,101.81,81,6,188.48
2024-08-11,Google Ads ,105.4,64,0,0.0
2024-08-11,Facebook,211.94,147,7,452.66
2024-08-11,Instagram,224.76,156,10,1163.29
2024-08-11,TikTok,59.65,42,2,40.75
2024-08-11,LinkedIn,190.58,125,9,604.66
2024-08-11,Email,142.97,110,2,135.65
2024-08-12,Google Ads,31.2,25,1,69.75
2024-08-12,Facebook,,39,1,76.99
2024-08-12,Instagram,65.91,60,3,114.79
2024-08-12,TikTok,99.98,74,3,113.02
2024-08-12,LinkedIn,77.3,54,1,99.66
2024-08-12,Email,159.38,118,3,359.76
2024-08-13,Google Ads,114.32,77,0,0.0
2024-08-13,Facebook,,91,1,34.92
2024-08-13,Instagram ,147.45,94,7,290.92
2024-08-13,TikTok,42.19,29,1,61.9
2024-08-13,LinkedIn,66.68,34,0,0.0
2024-08-13,Email,92.38,55,1,57.8
2024-08-14,Google Ads,60.92,36,2,57.59
2024-08-14,Facebook,37.33,25,1,95.53
2024-08-14,Instagram,64.3,36,2,105.95
2024-08-14,TikTok,65.91,59,1,35.51
2024-08-14,LinkedIn,107.29,70,3,104.11
2024-08-14,Email,91.07,54,1,110.65
2024-08-15,Google Ads,120.69,81,5,589.02
2024-08-15,Facebook,124.94,92,3,280.4
2024-08-15,Instagram,27.8,8,0,0.0
2024-08-15,TikTok,161.29,112,8,925.37
2024-08-15,LinkedIn,,94,5,212.74
2024-08-15,Email ,121.74,100,6,200.56
2024-08-16,Google Ads,42.86,21,0,0.0
2024-08-16,Facebook,182.34,128,8,563.62
2024-08-16,Instagram,115.24,86,4,401.01
2024-08-16,TikTok,88.13,62,4,304.8
2024-08-16,LinkedIn,172.87,109,7,551.92
2024-08-16,Email,204.19,129,2,218.38
2024-08-17,Google Ads ,229.59,166,6,529.58
2024-08-17,Facebook ,60.39,35,1,117.34
2024-08-17,Instagram,264.06,176,5,354.98
2024-08-17,TikTok,145.98,87,5,403.43
2024-08-17,LinkedIn,75.11,42,2,112.83
2024-08-17,Email,110.11,65,4,368.45
2024-08-18,Google Ads,,52,1,74.87
2024-08-18,Facebook,58.95,42,3,141.81
2024-08-18,Instagram,78.11,49,3,274.07
2024-08-18,TikTok,190.13,129,5,579.12
2024-08-18,LinkedIn,36.77,35,0,0.0
2024-08-18,Email,219.74,149,5,452.47
2024-08-19,Google Ads,133.47,90,5,341.29
2024-08-19,Facebook,72.36,41,0,0.0
2024-08-19,Instagram,,98,3,136.71
2024-08-19,TikTok,97.69,82,1,35.06
2024-08-19,LinkedIn ,179.34,125,4,461.35
2024-08-19,Email,110.58,74,2,203.61
2024-08-20,Google Ads ,134.79,81,1,66.97
2024-08-20,Facebook,72.33,32,0,0.0
2024-08-20,Instagram,85.63,58,1,109.41
2024-08-20,TikTok,209.1,137,7,745.53
2024-08-20,LinkedIn,62.9,37,1,111.18
2024-08-20,Email ,56.13,39,1,117.94
2024-08-21,Google Ads,120.89,94,3,116.61
2024-08-21,Facebook,107.01,50,0,0.0
2024-08-21,Instagram,154.69,108,7,222.54
2024-08-21,TikTok,195.08,142,1,116.27
2024-08-21,LinkedIn,60.75,34,0,0.0
2024-08-21,Email,102.05,84,5,366.31
2024-08-22,Google Ads,66.81,47,2,149.97
2024-08-22,Facebook,70.33,39,1,44.86
2024-08-22,Instagram,61.97,46,0,0.0
2024-08-22,TikTok,204.06,130,9,794.83
2024-08-22,LinkedIn,37.7,42,1,60.35
2024-08-22,Email,125.46,74,3,325.53
2024-08-23,Google Ads,,63,2,174.15
2024-08-23,Facebook,38.36,23,1,119.11
2024-08-23,Instagram,42.78,48,3,80.34
2024-08-23,TikTok,60.92,49,3,202.26
2024-08-23,LinkedIn,83.62,60,2,50.82
2024-08-23,Email,185.42,136,6,649.52
2024-08-24,Google Ads,121.23,93,3,221.92
2024-08-24,Facebook,45.78,33,1,25.69
2024-08-24,Instagram,,102,6,218.77
2024-08-24,TikTok,138.18,101,2,50.28
2024-08-24,LinkedIn,129.68,87,3,93.07
2024-08-24,Email,243.13,177,8,841.19
2024-08-25,Google Ads ,184.42,134,6,593.69
2024-08-25,Facebook,139.84,92,3,256.43
2024-08-25,Instagram,113.67,78,1,69.54
2024-08-25,TikTok,229.02,167,5,371.58
2024-08-25,LinkedIn,93.25,66,1,104.83
2024-08-25,Email,36.87,21,1,113.24
2024-08-26,Google Ads ,,88,4,253.88
2024-08-26,Facebook,,138,4,143.0
2024-08-26,Instagram,240.96,152,2,107.26
2024-08-26,TikTok,63.89,49,3,274.29
2024-08-26,LinkedIn,136.32,102,7,226.39
2024-08-26,Email ,166.21,117,5,407.45
2024-08-27,Google Ads,147.11,98,5,373.86
2024-08-27,Facebook,82.36,52,2,179.74
2024-08-27,Instagram,79.87,60,4,362.75
2024-08-27,TikTok,80.8,57,1,50.8
2024-08-27,LinkedIn,110.76,78,1,92.95
2024-08-27,Email ,,43,2,138.72
