user_id,signup_date,plan,country,monthly_churn_prob,churn_month,arpu
1,2024-03-03,Pro,Other,0.05,0,49
2,2024-01-29,Basic,UK,0.08,11,19
3,2024-03-27,Pro,USA,0.05,0,49
4,2024-02-10,Basic,Norway,0.08,0,19
5,2024-04-16,Basic,Sweden,0.08,8,19
6,2024-02-10,Basic,USA,0.08,4,19
7,2024-02-12,Basic,USA,0.08,4,19
8,2024-03-10,Basic,Sweden,0.08,0,19
9,2024-03-12,Basic,USA,0.08,0,19
10,2024-02-19,Basic,Other,0.08,1,19
11,2024-01-26,Basic,Sweden,0.08,0,19
12,2024-01-30,Pro,UK,0.05,0,49
13,2024-02-11,Basic,Other,0.08,4,19
14,2024-02-25,Basic,UK,0.08,1,19
15,2024-03-28,Basic,USA,0.08,0,19
16,2024-02-19,Basic,Germany,0.08,5,19
17,2024-03-14,Basic,USA,0.08,2,19
18,2024-01-20,Basic,USA,0.08,3,19
19,2024-03-25,Pro,USA,0.05,0,49
20,2024-02-11,Pro,UK,0.05,7,49
21,2024-05-07,Basic,Other,0.08,6,19
22,2024-02-04,Basic,Other,0.08,6,19
23,2024-04-30,Pro,Sweden,0.05,0,49
24,2024-03-26,Basic,Other,0.08,8,19
25,2024-06-15,Pro,USA,0.05,9,49
26,2024-02-04,Pro,USA,0.05,2,49
27,2024-03-30,Pro,USA,0.05,0,49
28,2024-02-14,Pro,Germany,0.05,0,49
29,2024-01-26,Basic,UK,0.08,2,19
30,2024-01-19,Pro,UK,0.05,5,49
31,2024-03-12,Basic,Sweden,0.08,3,19
32,2024-02-05,Basic,Other,0.08,9,19
33,2024-03-05,Basic,Norway,0.08,0,19
34,2024-03-10,Pro,Other,0.05,0,49
35,2024-02-26,Basic,USA,0.08,5,19
36,2024-01-13,Basic,USA,0.08,8,19
37,2024-02-18,Pro,Other,0.05,1,49
38,2024-02-15,Basic,UK,0.08,5,19
39,2024-01-22,Basic,Germany,0.08,0,19
40,2024-06-03,Basic,Norway,0.08,5,19
41,2024-01-27,Basic,Norway,0.08,2,19
42,2024-02-20,Basic,USA,0.08,0,19
43,2024-02-16,Pro,UK,0.05,0,49
44,2024-02-28,Basic,Norway,0.08,7,19
45,2024-02-19,Basic,USA,0.08,1,19
46,2024-04-29,Basic,UK,0.08,0,19
47,2024-01-16,Basic,Sweden,0.08,2,19
48,2024-01-26,Pro,Sweden,0.05,0,49
49,2024-02-21,Pro,Norway,0.05,0,49
50,2024-02-09,Pro,Other,0.05,0,49
51,2024-03-04,Basic,UK,0.08,10,19
52,2024-01-28,Enterprise,Norway,0.03,0,199
53,2024-02-16,Enterprise,UK,0.03,0,199
54,2024-05-04,Pro,Germany,0.05,0,49
55,2024-03-15,Basic,Sweden,0.08,4,19
56,2024-03-07,Pro,Other,0.05,0,49
57,2024-04-14,Basic,USA,0.08,6,19
58,2024-01-03,Enterprise,Other,0.03,7,199
59,2024-01-23,Pro,Sweden,0.05,10,49
60,2024-01-11,Pro,Other,0.05,6,49
61,2024-02-26,Basic,Norway,0.08,3,19
62,2024-02-10,Pro,Sweden,0.05,1,49
63,2024-04-04,Pro,Sweden,0.05,0,49
64,2024-01-23,Pro,Sweden,0.05,11,49
65,2024-02-20,Basic,Other,0.08,5,19
66,2024-03-16,Basic,Norway,0.08,0,19
67,2024-02-17,Basic,UK,0.08,0,19
68,2024-02-13,Basic,USA,0.08,4,19
69,2024-03-21,Basic,Sweden,0.08,0,19
70,2024-02-18,Basic,Sweden,0.08,0,19
71,2024-02-06,Basic,Other,0.08,3,19
72,2024-02-21,Basic,USA,0.08,5,19
73,2024-04-28,Pro,Norway,0.05,0,49
74,2024-04-07,Pro,Germany,0.05,0,49
75,2024-02-29,Basic,Norway,0.08,11,19
76,2024-01-31,Basic,Norway,0.08,0,19
77,2024-02-24,Basic,Norway,0.08,1,19
78,2024-01-09,Pro,UK,0.05,9,49
79,2024-01-25,Pro,Germany,0.05,0,49
80,2024-03-06,Basic,Germany,0.08,0,19
81,2024-04-15,Pro,Norway,0.05,10,49
82,2024-02-29,Basic,UK,0.08,0,19
83,2024-02-22,Basic,USA,0.08,0,19
84,2024-04-12,Basic,Sweden,0.08,0,19
85,2024-01-27,Pro,Sweden,0.05,0,49
86,2024-04-21,Basic,Germany,0.08,1,19
87,2024-01-25,Basic,Germany,0.08,1,19
88,2024-01-20,Basic,Germany,0.08,6,19
89,2024-02-15,Pro,USA,0.05,2,49
90,2024-02-08,Basic,UK,0.08,2,19
91,2024-05-14,Pro,Other,0.05,8,49
92,2024-03-22,Pro,Other,0.05,1,49
93,2024-02-21,Basic,USA,0.08,9,19
94,2024-02-07,Pro,Sweden,0.05,9,49
95,2024-07-11,Pro,Norway,0.05,7,49
96,2024-04-29,Basic,Norway,0.08,11,19
97,2024-04-14,Basic,Norway,0.08,10,19
98,2024-02-12,Pro,USA,0.05,9,49
99,2024-03-16,Basic,Sweden,0.08,0,19
100,2024-02-04,Basic,Other,0.08,6,19
101,2024-01-18,Enterprise,Norway,0.03,5,199
102,2024-03-12,Basic,Germany,0.08,9,19
103,2024-02-27,Basic,Other,0.08,8,19
104,2024-03-30,Pro,Other,0.05,0,49
105,2024-04-05,Pro,Germany,0.05,12,49
106,2024-04-02,Basic,Norway,0.08,1,19
107,2024-02-27,Basic,UK,0.08,3,19
108,2024-02-21,Pro,Sweden,0.05,0,49
109,2024-02-17,Pro,Sweden,0.05,6,49
110,2024-03-26,Basic,Germany,0.08,0,19
111,2024-02-21,Basic,Norway,0.08,3,19
112,2024-02-22,Pro,Germany,0.05,10,49
113,2024-03-11,Basic,Other,0.08,0,19
114,2024-02-24,Basic,Norway,0.08,12,19
115,2024-02-03,Basic,Germany,0.08,12,19
116,2024-01-18,Basic,Norway,0.08,8,19
117,2024-02-10,Pro,UK,0.05,0,49
118,2024-03-06,Enterprise,UK,0.03,12,199
119,2024-03-02,Pro,Norway,0.05,0,49
120,2024-02-29,Basic,Sweden,0.08,9,19
121,2024-04-22,Pro,USA,0.05,4,49
122,2024-03-08,Basic,UK,0.08,11,19
123,2024-02-11,Enterprise,UK,0.03,0,199
124,2024-01-18,Basic,Germany,0.08,7,19
125,2024-03-18,Basic,UK,0.08,0,19
126,2024-02-20,Enterprise,Norway,0.03,0,199
127,2024-02-18,Basic,USA,0.08,1,19
128,2024-02-27,Pro,UK,0.05,0,49
129,2024-01-11,Enterprise,Germany,0.03,0,199
130,2024-03-06,Basic,Norway,0.08,0,19
131,2024-02-21,Basic,Sweden,0.08,1,19
132,2024-03-04,Basic,Norway,0.08,3,19
133,2024-03-21,Pro,Sweden,0.05,0,49
134,2024-03-17,Basic,Norway,0.08,0,19
135,2024-03-28,Basic,Other,0.08,2,19
136,2024-04-18,Basic,Other,0.08,3,19
137,2024-04-23,Basic,Other,0.08,5,19
138,2024-02-21,Pro,Norway,0.05,8,49
139,2024-02-15,Basic,Sweden,0.08,0,19
140,2024-02-03,Enterprise,Sweden,0.03,5,199
141,2024-03-13,Pro,Norway,0.05,0,49
142,2024-02-20,Enterprise,Germany,0.03,0,199
143,2024-03-08,Basic,UK,0.08,0,19
144,2024-01-29,Basic,Germany,0.08,11,19
145,2024-03-31,Basic,Other,0.08,1,19
146,2024-03-23,Basic,UK,0.08,3,19
147,2024-01-23,Pro,Sweden,0.05,2,49
148,2024-03-09,Enterprise,Sweden,0.03,0,199
149,2024-02-07,Pro,Norway,0.05,0,49
150,2024-02-14,Basic,USA,0.08,10,19
151,2024-01-13,Pro,Germany,0.05,8,49
152,2024-02-21,Basic,UK,0.08,11,19
153,2024-03-11,Pro,USA,0.05,5,49
154,2024-01-23,Basic,USA,0.08,0,19
155,2024-01-24,Pro,Sweden,0.05,0,49
156,2024-01-15,Basic,Other,0.08,0,19
157,2024-03-11,Pro,Norway,0.05,0,49
158,2024-04-11,Basic,Germany,0.08,4,19
159,2024-03-13,Basic,Other,0.08,3,19
160,2024-01-29,Pro,Germany,0.05,3,49
161,2024-03-22,Basic,USA,0.08,0,19
162,2024-02-26,Basic,Norway,0.08,0,19
163,2024-03-08,Pro,Other,0.05,0,49
164,2024-01-28,Basic,Sweden,0.08,6,19
165,2024-02-12,Basic,Other,0.08,9,19
166,2024-02-04,Pro,UK,0.05,3,49
167,2024-03-14,Pro,Norway,0.05,0,49
168,2024-01-26,Basic,Sweden,0.08,6,19
169,2024-01-18,Pro,Sweden,0.05,4,49
170,2024-02-09,Basic,Norway,0.08,0,19
171,2024-03-27,Enterprise,Sweden,0.03,0,199
172,2024-04-07,Basic,Norway,0.08,9,19
173,2024-03-04,Basic,Sweden,0.08,0,19
174,2024-02-14,Pro,Germany,0.05,0,49
175,2024-02-16,Basic,UK,0.08,0,19
176,2024-03-01,Basic,Sweden,0.08,0,19
177,2024-01-31,Basic,Norway,0.08,0,19
178,2024-02-16,Enterprise,Germany,0.03,0,199
179,2024-04-06,Basic,Norway,0.08,4,19
180,2024-02-03,Basic,Norway,0.08,1,19
181,2024-03-04,Pro,Norway,0.05,0,49
182,2024-02-11,Basic,Sweden,0.08,0,19
183,2024-01-16,Basic,Norway,0.08,0,19
184,2024-03-24,Pro,Norway,0.05,0,49
185,2024-02-13,Pro,USA,0.05,8,49
186,2024-03-20,Pro,UK,0.05,0,49
187,2024-04-04,Pro,UK,0.05,0,49
188,2024-05-19,Enterprise,UK,0.03,0,199
189,2024-03-19,Basic,Germany,0.08,4,19
190,2024-02-25,Basic,UK,0.08,5,19
191,2024-01-26,Basic,Norway,0.08,0,19
192,2024-02-24,Pro,Sweden,0.05,9,49
193,2024-01-06,Basic,Sweden,0.08,0,19
194,2024-04-17,Basic,Norway,0.08,7,19
195,2024-02-24,Pro,UK,0.05,0,49
196,2024-04-16,Enterprise,Germany,0.03,0,199
197,2024-06-12,Pro,Sweden,0.05,0,49
198,2024-03-16,Basic,Sweden,0.08,7,19
199,2024-04-02,Pro,UK,0.05,0,49
200,2024-01-20,Pro,Norway,0.05,0,49
201,2024-02-26,Basic,Germany,0.08,0,19
202,2024-04-13,Basic,Other,0.08,0,19
203,2024-03-07,Basic,USA,0.08,0,19
204,2024-03-11,Enterprise,Sweden,0.03,0,199
205,2024-02-07,Pro,UK,0.05,0,49
206,2024-01-12,Basic,USA,0.08,9,19
207,2024-04-19,Basic,Other,0.08,0,19
208,2024-03-11,Basic,Sweden,0.08,0,19
209,2024-04-15,Pro,Norway,0.05,4,49
210,2024-02-02,Pro,Germany,0.05,3,49
211,2024-04-26,Pro,Sweden,0.05,12,49
212,2024-02-26,Pro,Norway,0.05,0,49
213,2024-02-05,Pro,Germany,0.05,0,49
214,2024-01-13,Pro,Other,0.05,4,49
215,2024-02-25,Pro,Germany,0.05,3,49
216,2024-02-09,Basic,UK,0.08,2,19
217,2024-03-19,Pro,Other,0.05,11,49
218,2024-02-13,Basic,Germany,0.08,10,19
219,2024-03-29,Pro,Sweden,0.05,0,49
220,2024-03-14,Pro,Other,0.05,0,49
221,2024-02-26,Basic,USA,0.08,11,19
222,2024-02-07,Basic,Germany,0.08,0,19
223,2024-03-04,Pro,Other,0.05,11,49
224,2024-01-27,Basic,Sweden,0.08,0,19
225,2024-05-19,Basic,USA,0.08,0,19
226,2024-04-05,Basic,USA,0.08,0,19
227,2024-01-31,Pro,Sweden,0.05,3,49
228,2024-03-18,Pro,Germany,0.05,7,49
229,2024-02-18,Basic,Germany,0.08,9,19
230,2024-01-31,Basic,USA,0.08,5,19
231,2024-02-14,Basic,Other,0.08,4,19
232,2024-01-29,Pro,Norway,0.05,8,49
233,2024-02-13,Basic,UK,0.08,0,19
234,2024-04-25,Pro,UK,0.05,0,49
235,2024-03-17,Pro,Sweden,0.05,0,49
236,2024-03-01,Basic,UK,0.08,0,19
237,2024-02-09,Basic,Norway,0.08,0,19
238,2024-02-25,Basic,Sweden,0.08,4,19
239,2024-03-23,Pro,Norway,0.05,0,49
240,2024-01-25,Pro,USA,0.05,12,49
241,2024-02-08,Pro,Sweden,0.05,0,49
242,2024-08-02,Basic,Germany,0.08,0,19
243,2024-04-04,Basic,Germany,0.08,5,19
244,2024-03-22,Enterprise,Sweden,0.03,0,199
245,2024-02-09,Basic,Norway,0.08,0,19
246,2024-03-29,Basic,Germany,0.08,9,19
247,2024-05-21,Basic,Germany,0.08,4,19
248,2024-02-24,Basic,Sweden,0.08,0,19
249,2024-02-19,Basic,Sweden,0.08,7,19
250,2024-02-10,Basic,Other,0.08,0,19
251,2024-02-28,Basic,Other,0.08,0,19
252,2024-03-09,Basic,Sweden,0.08,2,19
253,2024-02-08,Pro,USA,0.05,0,49
254,2024-03-07,Basic,USA,0.08,0,19
255,2024-03-31,Basic,UK,0.08,2,19
256,2024-03-11,Basic,Other,0.08,1,19
257,2024-02-17,Basic,USA,0.08,10,19
258,2024-01-14,Pro,Sweden,0.05,3,49
259,2024-04-09,Pro,Norway,0.05,6,49
260,2024-02-20,Basic,Sweden,0.08,3,19
261,2024-01-26,Basic,Sweden,0.08,6,19
262,2024-03-08,Basic,Norway,0.08,0,19
263,2024-02-25,Pro,Germany,0.05,7,49
264,2024-01-31,Basic,UK,0.08,3,19
265,2024-01-15,Basic,Other,0.08,6,19
266,2024-01-31,Enterprise,Norway,0.03,7,199
267,2024-02-28,Basic,USA,0.08,0,19
268,2024-02-07,Basic,Norway,0.08,9,19
269,2024-04-18,Basic,UK,0.08,0,19
270,2024-01-21,Basic,USA,0.08,11,19
271,2024-02-29,Pro,Germany,0.05,0,49
272,2024-04-22,Pro,Sweden,0.05,1,49
273,2024-04-15,Basic,Norway,0.08,0,19
274,2024-06-19,Pro,USA,0.05,0,49
275,2024-03-08,Basic,Norway,0.08,3,19
276,2024-01-12,Basic,USA,0.08,1,19
277,2024-03-07,Basic,USA,0.08,0,19
278,2024-01-10,Basic,USA,0.08,7,19
279,2024-01-21,Basic,Norway,0.08,0,19
280,2024-05-06,Basic,UK,0.08,0,19
281,2024-02-29,Enterprise,USA,0.03,5,199
282,2024-03-14,Basic,Sweden,0.08,0,19
283,2024-06-22,Pro,USA,0.05,0,49
284,2024-03-01,Basic,UK,0.08,12,19
285,2024-02-25,Pro,USA,0.05,0,49
286,2024-01-29,Pro,Other,0.05,0,49
287,2024-02-14,Basic,USA,0.08,2,19
288,2024-03-19,Basic,Other,0.08,0,19
289,2024-02-11,Pro,UK,0.05,0,49
290,2024-03-17,Enterprise,Other,0.03,0,199
291,2024-02-22,Pro,Germany,0.05,0,49
292,2024-02-10,Basic,Norway,0.08,0,19
293,2024-02-09,Pro,Norway,0.05,2,49
294,2024-03-25,Basic,Sweden,0.08,6,19
295,2024-04-07,Pro,Norway,0.05,0,49
296,2024-03-23,Pro,USA,0.05,0,49
297,2024-03-21,Basic,Norway,0.08,0,19
298,2024-02-17,Basic,Germany,0.08,12,19
299,2024-04-28,Pro,Other,0.05,0,49
300,2024-02-18,Basic,Other,0.08,4,19
301,2024-03-04,Enterprise,Other,0.03,0,199
302,2024-02-17,Pro,UK,0.05,7,49
303,2024-04-05,Pro,Other,0.05,5,49
304,2024-03-20,Pro,USA,0.05,0,49
305,2024-04-25,Basic,Sweden,0.08,5,19
306,2024-03-16,Basic,UK,0.08,4,19
307,2024-03-09,Pro,Other,0.05,0,49
308,2024-03-07,Pro,Sweden,0.05,0,49
309,2024-02-18,Basic,Norway,0.08,3,19
310,2024-03-15,Pro,Other,0.05,10,49
311,2024-01-07,Pro,Germany,0.05,0,49
312,2024-02-10,Basic,Norway,0.08,0,19
313,2024-02-25,Pro,Norway,0.05,0,49
314,2024-01-25,Pro,USA,0.05,8,49
315,2024-02-15,Basic,Other,0.08,0,19
316,2024-01-22,Pro,USA,0.05,0,49
317,2024-01-21,Basic,Sweden,0.08,0,19
318,2024-01-25,Basic,Other,0.08,3,19
319,2024-02-20,Basic,USA,0.08,1,19
320,2024-01-17,Basic,Norway,0.08,6,19
321,2024-04-16,Basic,USA,0.08,1,19
322,2024-01-25,Basic,USA,0.08,2,19
323,2024-05-05,Basic,Germany,0.08,4,19
324,2024-05-09,Basic,Sweden,0.08,5,19
325,2024-03-05,Basic,USA,0.08,0,19
326,2024-03-21,Basic,UK,0.08,0,19
327,2024-02-23,Pro,Sweden,0.05,0,49
328,2024-02-24,Basic,Norway,0.08,0,19
329,2024-03-19,Basic,UK,0.08,0,19
330,2024-01-22,Basic,Norway,0.08,1,19
331,2024-03-13,Pro,Other,0.05,4,49
332,2024-03-07,Enterprise,Germany,0.03,0,199
333,2024-04-29,Basic,Norway,0.08,1,19
334,2024-04-06,Enterprise,USA,0.03,0,199
335,2024-03-02,Basic,Germany,0.08,2,19
336,2024-03-31,Pro,Other,0.05,0,49
337,2024-04-10,Pro,UK,0.05,3,49
338,2024-01-18,Basic,USA,0.08,0,19
339,2024-02-05,Basic,Germany,0.08,3,19
340,2024-01-15,Basic,Other,0.08,0,19
341,2024-02-13,Pro,Sweden,0.05,0,49
342,2024-02-17,Basic,Other,0.08,0,19
343,2024-02-07,Basic,Germany,0.08,4,19
344,2024-03-01,Basic,USA,0.08,0,19
345,2024-01-19,Basic,Other,0.08,0,19
346,2024-01-27,Pro,Other,0.05,11,49
347,2024-05-18,Pro,UK,0.05,0,49
348,2024-01-23,Basic,Other,0.08,0,19
349,2024-04-03,Pro,Sweden,0.05,5,49
350,2024-02-16,Basic,Norway,0.08,1,19
351,2024-03-17,Pro,Sweden,0.05,0,49
352,2024-03-14,Basic,Sweden,0.08,3,19
353,2024-01-04,Pro,Norway,0.05,2,49
354,2024-02-14,Basic,Norway,0.08,5,19
355,2024-04-26,Basic,Sweden,0.08,0,19
356,2024-02-11,Basic,Germany,0.08,0,19
357,2024-02-19,Basic,USA,0.08,0,19
358,2024-02-25,Pro,Sweden,0.05,10,49
359,2024-03-10,Pro,Germany,0.05,8,49
360,2024-03-03,Basic,Other,0.08,4,19
361,2024-03-11,Pro,Norway,0.05,0,49
362,2024-02-12,Pro,Germany,0.05,0,49
363,2024-02-25,Pro,Sweden,0.05,0,49
364,2024-01-29,Pro,USA,0.05,8,49
365,2024-01-15,Basic,USA,0.08,2,19
366,2024-05-04,Pro,Other,0.05,7,49
367,2024-02-15,Pro,UK,0.05,4,49
368,2024-01-13,Basic,USA,0.08,11,19
369,2024-03-26,Basic,USA,0.08,0,19
370,2024-01-15,Basic,Sweden,0.08,7,19
371,2024-03-13,Basic,Norway,0.08,6,19
372,2024-02-26,Basic,Norway,0.08,0,19
373,2024-02-13,Pro,Other,0.05,6,49
374,2024-01-30,Pro,Sweden,0.05,10,49
375,2024-02-18,Basic,UK,0.08,3,19
376,2024-05-25,Pro,Sweden,0.05,0,49
377,2024-03-06,Basic,USA,0.08,7,19
378,2024-03-18,Pro,Other,0.05,0,49
379,2024-01-30,Basic,Germany,0.08,12,19
380,2024-04-07,Basic,Norway,0.08,0,19
381,2024-02-05,Basic,UK,0.08,0,19
382,2024-02-21,Pro,Other,0.05,0,49
383,2024-03-10,Basic,UK,0.08,0,19
384,2024-01-26,Basic,Germany,0.08,0,19
385,2024-02-12,Basic,Norway,0.08,0,19
386,2024-02-07,Basic,Germany,0.08,6,19
387,2024-03-18,Basic,Sweden,0.08,0,19
388,2024-03-14,Pro,USA,0.05,0,49
389,2024-03-12,Pro,UK,0.05,0,49
390,2024-02-04,Basic,USA,0.08,0,19
391,2024-02-19,Basic,Germany,0.08,0,19
392,2024-01-31,Pro,UK,0.05,3,49
393,2024-02-15,Basic,Norway,0.08,3,19
394,2024-02-23,Pro,UK,0.05,0,49
395,2024-03-08,Basic,Germany,0.08,6,19
396,2024-02-12,Basic,UK,0.08,12,19
397,2024-06-04,Basic,Norway,0.08,3,19
398,2024-02-01,Basic,Germany,0.08,0,19
399,2024-03-25,Pro,Other,0.05,7,49
400,2024-01-30,Basic,USA,0.08,2,19
401,2024-02-02,Basic,Norway,0.08,0,19
402,2024-01-14,Basic,Germany,0.08,5,19
403,2024-05-14,Basic,USA,0.08,6,19
404,2024-02-01,Pro,USA,0.05,6,49
405,2024-02-15,Pro,USA,0.05,9,49
406,2024-02-28,Basic,Norway,0.08,7,19
407,2024-01-23,Basic,Germany,0.08,4,19
408,2024-02-17,Pro,Norway,0.05,1,49
409,2024-04-01,Pro,Norway,0.05,6,49
410,2024-03-07,Pro,Norway,0.05,0,49
411,2024-01-28,Basic,Norway,0.08,5,19
412,2024-01-15,Basic,Sweden,0.08,5,19
413,2024-06-01,Pro,Germany,0.05,4,49
414,2024-02-18,Basic,Other,0.08,6,19
415,2024-02-06,Basic,USA,0.08,0,19
416,2024-02-19,Enterprise,USA,0.03,12,199
417,2024-02-18,Pro,UK,0.05,0,49
418,2024-03-08,Pro,UK,0.05,1,49
419,2024-02-25,Pro,Other,0.05,0,49
420,2024-02-09,Basic,Norway,0.08,1,19
421,2024-05-07,Pro,Norway,0.05,0,49
422,2024-01-20,Pro,Germany,0.05,0,49
423,2024-01-09,Pro,USA,0.05,0,49
424,2024-01-17,Enterprise,Germany,0.03,0,199
425,2024-04-06,Enterprise,USA,0.03,0,199
426,2024-01-13,Basic,Norway,0.08,0,19
427,2024-01-27,Basic,Sweden,0.08,0,19
428,2024-02-02,Pro,UK,0.05,5,49
429,2024-02-14,Basic,Germany,0.08,0,19
430,2024-02-13,Pro,Sweden,0.05,4,49
431,2024-03-13,Pro,USA,0.05,8,49
432,2024-04-01,Pro,UK,0.05,1,49
433,2024-03-06,Basic,USA,0.08,1,19
434,2024-03-29,Basic,Sweden,0.08,0,19
435,2024-01-27,Pro,Other,0.05,10,49
436,2024-01-18,Basic,Germany,0.08,0,19
437,2024-05-15,Pro,Other,0.05,0,49
438,2024-02-09,Pro,Sweden,0.05,9,49
439,2024-01-25,Basic,Norway,0.08,4,19
440,2024-01-31,Pro,Germany,0.05,0,49
441,2024-02-12,Enterprise,Sweden,0.03,0,199
442,2024-02-23,Basic,UK,0.08,0,19
443,2024-02-18,Pro,UK,0.05,0,49
444,2024-01-11,Pro,UK,0.05,0,49
445,2024-04-01,Basic,Other,0.08,12,19
446,2024-02-23,Basic,Norway,0.08,2,19
447,2024-03-03,Basic,Norway,0.08,0,19
448,2024-01-22,Pro,Other,0.05,3,49
449,2024-05-17,Pro,Germany,0.05,0,49
450,2024-01-26,Basic,Sweden,0.08,5,19
451,2024-02-09,Basic,USA,0.08,0,19
452,2024-02-26,Pro,UK,0.05,0,49
453,2024-03-25,Pro,USA,0.05,0,49
454,2024-03-06,Basic,UK,0.08,3,19
455,2024-02-23,Basic,UK,0.08,10,19
456,2024-02-06,Basic,Norway,0.08,10,19
457,2024-03-12,Pro,Other,0.05,9,49
458,2024-03-31,Basic,Sweden,0.08,2,19
459,2024-02-26,Basic,USA,0.08,0,19
460,2024-02-08,Basic,UK,0.08,4,19
461,2024-04-15,Basic,Other,0.08,1,19
462,2024-02-29,Basic,UK,0.08,1,19
463,2024-02-09,Enterprise,Germany,0.03,3,199
464,2024-02-19,Pro,Norway,0.05,5,49
465,2024-02-09,Basic,Norway,0.08,8,19
466,2024-04-14,Basic,UK,0.08,2,19
467,2024-02-12,Basic,UK,0.08,4,19
468,2024-03-10,Basic,Norway,0.08,1,19
469,2024-01-21,Basic,UK,0.08,1,19
470,2024-03-11,Pro,UK,0.05,0,49
471,2024-03-05,Basic,UK,0.08,0,19
472,2024-03-14,Basic,USA,0.08,0,19
473,2024-05-05,Enterprise,Germany,0.03,0,199
474,2024-04-05,Pro,Other,0.05,0,49
475,2024-02-05,Pro,Other,0.05,8,49
476,2024-01-23,Basic,Germany,0.08,12,19
477,2024-01-26,Basic,Other,0.08,6,19
478,2024-04-06,Basic,Germany,0.08,0,19
479,2024-05-28,Pro,Sweden,0.05,0,49
480,2024-03-09,Basic,Other,0.08,0,19
481,2024-01-31,Basic,Norway,0.08,12,19
482,2024-04-06,Basic,Germany,0.08,0,19
483,2024-02-06,Pro,Other,0.05,6,49
484,2024-03-20,Pro,Sweden,0.05,2,49
485,2024-02-11,Pro,Germany,0.05,0,49
486,2024-03-18,Basic,Norway,0.08,8,19
487,2024-03-07,Enterprise,Other,0.03,0,199
488,2024-04-25,Basic,Norway,0.08,0,19
489,2024-04-30,Basic,Other,0.08,0,19
490,2024-02-04,Pro,Germany,0.05,2,49
491,2024-02-21,Pro,Germany,0.05,0,49
492,2024-03-17,Pro,Other,0.05,0,49
493,2024-01-29,Basic,Other,0.08,0,19
494,2024-03-17,Basic,Other,0.08,12,19
495,2024-06-01,Pro,Norway,0.05,11,49
496,2024-03-10,Basic,USA,0.08,11,19
497,2024-01-25,Basic,USA,0.08,0,19
498,2024-01-26,Pro,UK,0.05,5,49
499,2024-03-23,Basic,Germany,0.08,2,19
500,2024-02-29,Pro,USA,0.05,0,49
501,2024-02-08,Basic,USA,0.08,6,19
502,2024-01-12,Basic,Sweden,0.08,0,19
503,2024-05-26,Basic,UK,0.08,6,19
504,2024-05-14,Basic,USA,0.08,0,19
505,2024-02-04,Enterprise,Norway,0.03,0,199
506,2024-03-23,Basic,USA,0.08,6,19
507,2024-02-23,Basic,Norway,0.08,0,19
508,2024-02-28,Enterprise,Norway,0.03,3,199
509,2024-02-04,Basic,Sweden,0.08,8,19
510,2024-02-19,Basic,Norway,0.08,2,19
511,2024-01-31,Basic,Other,0.08,10,19
512,2024-02-16,Basic,Other,0.08,1,19
513,2024-02-01,Basic,Germany,0.08,0,19
514,2024-05-06,Basic,Sweden,0.08,10,19
515,2024-03-15,Pro,USA,0.05,0,49
516,2024-02-23,Basic,Norway,0.08,2,19
517,2024-02-15,Basic,Germany,0.08,0,19
518,2024-04-14,Basic,Norway,0.08,5,19
519,2024-03-09,Basic,Sweden,0.08,4,19
520,2024-01-28,Basic,Other,0.08,0,19
521,2024-02-10,Basic,USA,0.08,0,19
522,2024-04-20,Pro,Other,0.05,0,49
523,2024-02-17,Basic,USA,0.08,6,19
524,2024-03-01,Basic,Sweden,0.08,0,19
525,2024-01-26,Basic,UK,0.08,2,19
526,2024-03-06,Basic,Sweden,0.08,5,19
527,2024-03-27,Basic,USA,0.08,6,19
528,2024-05-16,Basic,Germany,0.08,6,19
529,2024-01-22,Pro,Other,0.05,11,49
530,2024-02-19,Pro,Norway,0.05,2,49
531,2024-01-28,Pro,Germany,0.05,0,49
532,2024-01-20,Pro,UK,0.05,5,49
533,2024-03-30,Basic,Germany,0.08,2,19
534,2024-03-15,Basic,USA,0.08,6,19
535,2024-02-07,Pro,UK,0.05,0,49
536,2024-05-12,Basic,Other,0.08,1,19
537,2024-03-17,Basic,Sweden,0.08,0,19
538,2024-01-12,Basic,Sweden,0.08,0,19
539,2024-02-04,Pro,UK,0.05,0,49
540,2024-03-05,Basic,Germany,0.08,1,19
541,2024-02-22,Pro,USA,0.05,0,49
542,2024-02-20,Pro,Germany,0.05,0,49
543,2024-02-28,Basic,USA,0.08,5,19
544,2024-03-10,Pro,Sweden,0.05,0,49
545,2024-03-10,Basic,UK,0.08,10,19
546,2024-02-18,Basic,UK,0.08,2,19
547,2024-02-05,Basic,Norway,0.08,12,19
548,2024-01-25,Basic,Sweden,0.08,0,19
549,2024-04-07,Pro,Norway,0.05,0,49
550,2024-02-26,Basic,USA,0.08,8,19
551,2024-01-19,Basic,USA,0.08,6,19
552,2024-02-17,Basic,USA,0.08,0,19
553,2024-04-03,Basic,Germany,0.08,11,19
554,2024-03-17,Basic,USA,0.08,8,19
555,2024-05-06,Basic,Sweden,0.08,0,19
556,2024-02-11,Basic,UK,0.08,2,19
557,2024-05-27,Pro,Sweden,0.05,0,49
558,2024-05-16,Basic,Germany,0.08,9,19
559,2024-05-07,Basic,Sweden,0.08,0,19
560,2024-02-24,Basic,USA,0.08,8,19
561,2024-03-15,Basic,Norway,0.08,9,19
562,2024-02-11,Pro,USA,0.05,0,49
563,2024-02-25,Basic,Other,0.08,0,19
564,2024-02-02,Basic,Sweden,0.08,0,19
565,2024-03-06,Enterprise,Other,0.03,1,199
566,2024-02-16,Pro,Sweden,0.05,1,49
567,2024-03-23,Basic,USA,0.08,6,19
568,2024-03-04,Enterprise,Germany,0.03,0,199
569,2024-01-15,Basic,Other,0.08,1,19
570,2024-03-09,Pro,UK,0.05,0,49
571,2024-02-14,Pro,USA,0.05,11,49
572,2024-02-23,Pro,UK,0.05,0,49
573,2024-02-16,Pro,UK,0.05,0,49
574,2024-03-26,Pro,UK,0.05,0,49
575,2024-01-19,Pro,Norway,0.05,0,49
576,2024-03-24,Basic,Germany,0.08,0,19
577,2024-07-04,Basic,Germany,0.08,0,19
578,2024-01-25,Pro,USA,0.05,4,49
579,2024-04-28,Basic,USA,0.08,4,19
580,2024-02-02,Basic,UK,0.08,9,19
581,2024-02-22,Pro,Other,0.05,0,49
582,2024-03-27,Pro,UK,0.05,0,49
583,2024-01-27,Pro,Other,0.05,4,49
584,2024-04-08,Pro,Sweden,0.05,0,49
585,2024-02-13,Basic,Other,0.08,0,19
586,2024-02-09,Basic,UK,0.08,0,19
587,2024-02-17,Basic,Sweden,0.08,4,19
588,2024-01-12,Basic,Sweden,0.08,12,19
589,2024-02-24,Basic,UK,0.08,0,19
590,2024-01-17,Basic,Germany,0.08,6,19
591,2024-01-28,Basic,Sweden,0.08,7,19
592,2024-02-24,Basic,Sweden,0.08,6,19
593,2024-02-28,Pro,USA,0.05,0,49
594,2024-03-23,Pro,Other,0.05,0,49
595,2024-02-25,Pro,Sweden,0.05,6,49
596,2024-02-01,Basic,Germany,0.08,0,19
597,2024-02-22,Basic,UK,0.08,1,19
598,2024-02-17,Basic,Other,0.08,1,19
599,2024-02-04,Pro,USA,0.05,6,49
600,2024-05-21,Pro,Other,0.05,0,49
601,2024-04-24,Enterprise,Other,0.03,0,199
602,2024-01-22,Basic,UK,0.08,3,19
603,2024-05-16,Basic,Other,0.08,0,19
604,2024-02-20,Basic,Germany,0.08,2,19
605,2024-02-21,Pro,Other,0.05,7,49
606,2024-01-23,Pro,Norway,0.05,0,49
607,2024-03-03,Basic,Norway,0.08,0,19
608,2024-02-03,Basic,Norway,0.08,10,19
609,2024-02-12,Pro,USA,0.05,12,49
610,2024-01-21,Pro,Germany,0.05,0,49
611,2024-02-10,Basic,Sweden,0.08,0,19
612,2024-05-24,Pro,USA,0.05,10,49
613,2024-03-15,Pro,Norway,0.05,8,49
614,2024-02-05,Basic,Germany,0.08,0,19
615,2024-03-04,Pro,UK,0.05,0,49
616,2024-03-22,Basic,Germany,0.08,2,19
617,2024-02-11,Basic,Other,0.08,5,19
618,2024-01-28,Basic,Other,0.08,0,19
619,2024-01-25,Basic,Other,0.08,0,19
620,2024-01-23,Basic,Other,0.08,0,19
621,2024-06-10,Pro,Norway,0.05,0,49
622,2024-03-24,Pro,USA,0.05,0,49
623,2024-03-17,Basic,Other,0.08,2,19
624,2024-04-12,Basic,Sweden,0.08,7,19
625,2024-01-23,Basic,USA,0.08,0,19
626,2024-02-02,Pro,Sweden,0.05,0,49
627,2024-03-26,Basic,Sweden,0.08,6,19
628,2024-02-22,Pro,Sweden,0.05,0,49
629,2024-02-12,Basic,Norway,0.08,3,19
630,2024-05-06,Basic,Norway,0.08,8,19
631,2024-02-11,Pro,USA,0.05,0,49
632,2024-05-10,Pro,USA,0.05,7,49
633,2024-02-07,Pro,UK,0.05,1,49
634,2024-03-13,Basic,UK,0.08,2,19
635,2024-02-11,Pro,Norway,0.05,0,49
636,2024-03-02,Enterprise,USA,0.03,0,199
637,2024-02-24,Basic,Other,0.08,0,19
638,2024-03-26,Pro,UK,0.05,8,49
639,2024-04-01,Pro,Germany,0.05,1,49
640,2024-01-09,Basic,USA,0.08,7,19
641,2024-03-01,Pro,Other,0.05,0,49
642,2024-03-18,Basic,Other,0.08,0,19
643,2024-02-27,Basic,Germany,0.08,4,19
644,2024-03-15,Basic,UK,0.08,1,19
645,2024-01-24,Pro,Other,0.05,0,49
646,2024-02-23,Pro,Germany,0.05,3,49
647,2024-02-25,Pro,Other,0.05,0,49
648,2024-01-23,Pro,UK,0.05,0,49
649,2024-01-29,Basic,Other,0.08,6,19
650,2024-03-03,Basic,USA,0.08,10,19
651,2024-02-09,Pro,UK,0.05,10,49
652,2024-03-04,Basic,Germany,0.08,0,19
653,2024-03-15,Pro,Other,0.05,0,49
654,2024-03-08,Pro,Norway,0.05,9,49
655,2024-01-21,Basic,Norway,0.08,8,19
656,2024-04-07,Pro,Germany,0.05,3,49
657,2024-06-17,Basic,USA,0.08,9,19
658,2024-02-17,Pro,UK,0.05,9,49
659,2024-03-16,Basic,Germany,0.08,4,19
660,2024-06-22,Basic,USA,0.08,0,19
661,2024-01-17,Basic,Other,0.08,4,19
662,2024-02-09,Pro,Other,0.05,0,49
663,2024-03-01,Basic,UK,0.08,9,19
664,2024-02-08,Basic,USA,0.08,0,19
665,2024-02-06,Pro,Germany,0.05,5,49
666,2024-02-06,Basic,USA,0.08,11,19
667,2024-03-05,Pro,Norway,0.05,0,49
668,2024-01-14,Basic,Other,0.08,0,19
669,2024-02-29,Basic,Germany,0.08,1,19
670,2024-03-16,Enterprise,Sweden,0.03,0,199
671,2024-04-15,Basic,Germany,0.08,6,19
672,2024-01-23,Basic,Other,0.08,0,19
673,2024-02-13,Basic,Norway,0.08,12,19
674,2024-02-01,Basic,UK,0.08,10,19
675,2024-03-24,Basic,Other,0.08,8,19
676,2024-02-21,Basic,Sweden,0.08,4,19
677,2024-02-10,Pro,UK,0.05,0,49
678,2024-03-14,Basic,Germany,0.08,10,19
679,2024-02-04,Basic,Germany,0.08,0,19
680,2024-01-19,Pro,UK,0.05,0,49
681,2024-01-29,Basic,Sweden,0.08,7,19
682,2024-01-27,Basic,Norway,0.08,0,19
683,2024-04-03,Basic,Other,0.08,5,19
684,2024-01-31,Basic,Norway,0.08,8,19
685,2024-03-07,Basic,UK,0.08,9,19
686,2024-03-01,Basic,Germany,0.08,0,19
687,2024-01-27,Basic,Germany,0.08,0,19
688,2024-02-15,Pro,UK,0.05,8,49
689,2024-01-26,Basic,Norway,0.08,2,19
690,2024-05-03,Basic,USA,0.08,0,19
691,2024-04-08,Basic,Other,0.08,8,19
692,2024-02-15,Pro,Other,0.05,0,49
693,2024-02-25,Basic,UK,0.08,6,19
694,2024-04-02,Basic,UK,0.08,3,19
695,2024-03-09,Basic,Germany,0.08,0,19
696,2024-01-18,Pro,Other,0.05,8,49
697,2024-01-21,Basic,Other,0.08,4,19
698,2024-03-15,Basic,Sweden,0.08,2,19
699,2024-02-26,Basic,Norway,0.08,0,19
700,2024-03-09,Basic,USA,0.08,8,19
701,2024-04-08,Basic,UK,0.08,8,19
702,2024-03-14,Pro,Other,0.05,0,49
703,2024-01-24,Basic,Germany,0.08,0,19
704,2024-03-01,Basic,Norway,0.08,0,19
705,2024-02-01,Enterprise,Other,0.03,3,199
706,2024-01-27,Basic,Germany,0.08,8,19
707,2024-01-30,Pro,Sweden,0.05,0,49
708,2024-02-06,Basic,Sweden,0.08,0,19
709,2024-01-21,Pro,Other,0.05,0,49
710,2024-03-13,Basic,Norway,0.08,2,19
711,2024-03-20,Enterprise,UK,0.03,0,199
712,2024-03-19,Basic,Sweden,0.08,2,19
713,2024-01-26,Enterprise,Sweden,0.03,0,199
714,2024-04-02,Basic,Other,0.08,8,19
715,2024-01-30,Basic,UK,0.08,0,19
716,2024-03-27,Pro,UK,0.05,0,49
717,2024-02-26,Basic,UK,0.08,5,19
718,2024-03-18,Basic,Germany,0.08,1,19
719,2024-02-04,Basic,USA,0.08,0,19
720,2024-03-07,Basic,Germany,0.08,0,19
721,2024-03-18,Basic,Germany,0.08,12,19
722,2024-03-02,Pro,Sweden,0.05,0,49
723,2024-02-10,Basic,Norway,0.08,0,19
724,2024-02-23,Pro,Other,0.05,0,49
725,2024-02-16,Enterprise,UK,0.03,0,199
726,2024-02-24,Basic,USA,0.08,0,19
727,2024-02-20,Basic,UK,0.08,12,19
728,2024-01-22,Pro,Sweden,0.05,8,49
729,2024-01-18,Pro,Norway,0.05,0,49
730,2024-04-04,Basic,Norway,0.08,10,19
731,2024-03-03,Pro,Other,0.05,0,49
732,2024-05-15,Basic,Other,0.08,11,19
733,2024-03-19,Pro,USA,0.05,2,49
734,2024-04-18,Pro,UK,0.05,0,49
735,2024-02-21,Pro,Norway,0.05,0,49
736,2024-02-29,Basic,Germany,0.08,0,19
737,2024-03-31,Pro,Germany,0.05,0,49
738,2024-05-13,Enterprise,UK,0.03,6,199
739,2024-02-14,Basic,Germany,0.08,0,19
740,2024-01-29,Pro,Norway,0.05,2,49
741,2024-02-20,Pro,Norway,0.05,12,49
742,2024-01-21,Enterprise,Norway,0.03,2,199
743,2024-02-10,Basic,Germany,0.08,2,19
744,2024-02-16,Basic,Germany,0.08,5,19
745,2024-03-18,Basic,Other,0.08,1,19
746,2024-05-29,Basic,Sweden,0.08,0,19
747,2024-02-23,Pro,USA,0.05,4,49
748,2024-03-27,Basic,Germany,0.08,9,19
749,2024-02-06,Pro,USA,0.05,0,49
750,2024-04-25,Pro,Sweden,0.05,0,49
751,2024-03-12,Basic,UK,0.08,3,19
752,2024-03-03,Pro,Sweden,0.05,0,49
753,2024-03-09,Basic,USA,0.08,1,19
754,2024-01-25,Pro,USA,0.05,0,49
755,2024-01-19,Pro,Sweden,0.05,2,49
756,2024-04-03,Pro,Norway,0.05,2,49
757,2024-03-04,Basic,Germany,0.08,0,19
758,2024-06-20,Basic,Other,0.08,5,19
759,2024-03-23,Basic,Other,0.08,3,19
760,2024-02-20,Pro,USA,0.05,2,49
761,2024-03-02,Basic,USA,0.08,0,19
762,2024-02-12,Enterprise,Norway,0.03,0,199
763,2024-03-13,Basic,UK,0.08,6,19
764,2024-04-03,Basic,UK,0.08,9,19
765,2024-01-23,Pro,UK,0.05,6,49
766,2024-03-30,Basic,UK,0.08,4,19
767,2024-03-12,Pro,USA,0.05,10,49
768,2024-03-31,Basic,Other,0.08,3,19
769,2024-02-19,Basic,UK,0.08,9,19
770,2024-02-01,Pro,Other,0.05,0,49
771,2024-05-05,Basic,Norway,0.08,11,19
772,2024-03-28,Pro,Norway,0.05,0,49
773,2024-05-18,Pro,Other,0.05,0,49
774,2024-01-12,Basic,USA,0.08,4,19
775,2024-06-22,Pro,UK,0.05,5,49
776,2024-03-17,Basic,Sweden,0.08,1,19
777,2024-05-12,Basic,USA,0.08,7,19
778,2024-02-09,Basic,Germany,0.08,9,19
779,2024-03-02,Basic,Germany,0.08,9,19
780,2024-03-18,Basic,UK,0.08,0,19
781,2024-01-14,Basic,Sweden,0.08,3,19
782,2024-04-07,Pro,Norway,0.05,12,49
783,2024-01-29,Basic,Sweden,0.08,0,19
784,2024-02-04,Basic,Other,0.08,0,19
785,2024-02-28,Basic,Norway,0.08,4,19
786,2024-02-07,Basic,Sweden,0.08,0,19
787,2024-01-04,Basic,Sweden,0.08,0,19
788,2024-01-18,Pro,Other,0.05,10,49
789,2024-01-28,Basic,Other,0.08,9,19
790,2024-02-06,Basic,Sweden,0.08,6,19
791,2024-04-10,Basic,Norway,0.08,7,19
792,2024-02-13,Basic,UK,0.08,0,19
793,2024-02-22,Enterprise,Germany,0.03,0,199
794,2024-03-29,Basic,USA,0.08,0,19
795,2024-01-21,Pro,Other,0.05,3,49
796,2024-02-11,Pro,UK,0.05,8,49
797,2024-03-25,Basic,Germany,0.08,6,19
798,2024-01-19,Basic,USA,0.08,6,19
799,2024-03-17,Basic,Other,0.08,1,19
800,2024-05-06,Basic,USA,0.08,0,19
801,2024-06-16,Pro,Other,0.05,0,49
802,2024-05-21,Basic,Germany,0.08,3,19
803,2024-04-30,Pro,Other,0.05,0,49
804,2024-04-13,Pro,USA,0.05,0,49
805,2024-05-06,Basic,Other,0.08,5,19
806,2024-07-17,Pro,Norway,0.05,0,49
807,2024-05-14,Pro,Norway,0.05,11,49
808,2024-01-27,Basic,Sweden,0.08,11,19
809,2024-02-21,Pro,USA,0.05,0,49
810,2024-02-19,Basic,Sweden,0.08,0,19
811,2024-01-29,Basic,UK,0.08,7,19
812,2024-02-15,Basic,USA,0.08,3,19
813,2024-01-18,Basic,Germany,0.08,5,19
814,2024-05-12,Basic,Other,0.08,0,19
815,2024-04-01,Basic,Norway,0.08,0,19
816,2024-01-28,Enterprise,UK,0.03,3,199
817,2024-04-27,Pro,Norway,0.05,0,49
818,2024-02-16,Basic,UK,0.08,0,19
819,2024-03-15,Basic,Norway,0.08,1,19
820,2024-02-29,Basic,Germany,0.08,8,19
821,2024-01-08,Basic,UK,0.08,0,19
822,2024-05-11,Basic,Sweden,0.08,0,19
823,2024-03-19,Basic,Germany,0.08,6,19
824,2024-02-03,Pro,Sweden,0.05,0,49
825,2024-02-16,Pro,Sweden,0.05,0,49
826,2024-02-21,Basic,UK,0.08,5,19
827,2024-04-10,Pro,UK,0.05,3,49
828,2024-03-27,Pro,USA,0.05,2,49
829,2024-03-11,Basic,UK,0.08,0,19
830,2024-02-20,Pro,Norway,0.05,5,49
831,2024-02-20,Basic,USA,0.08,4,19
832,2024-03-31,Basic,UK,0.08,0,19
833,2024-03-25,Basic,USA,0.08,6,19
834,2024-02-24,Pro,Other,0.05,0,49
835,2024-01-13,Basic,UK,0.08,0,19
836,2024-01-15,Pro,Sweden,0.05,11,49
837,2024-03-10,Basic,USA,0.08,0,19
838,2024-03-22,Pro,UK,0.05,0,49
839,2024-01-17,Pro,UK,0.05,0,49
840,2024-04-26,Basic,USA,0.08,0,19
841,2024-06-10,Basic,Other,0.08,0,19
842,2024-04-09,Basic,UK,0.08,1,19
843,2024-02-08,Basic,Other,0.08,6,19
844,2024-04-03,Pro,USA,0.05,6,49
845,2024-01-24,Basic,Sweden,0.08,4,19
846,2024-02-16,Pro,USA,0.05,0,49
847,2024-03-18,Basic,UK,0.08,11,19
848,2024-02-14,Basic,Sweden,0.08,2,19
849,2024-02-17,Pro,Norway,0.05,0,49
850,2024-03-16,Pro,Germany,0.05,9,49
851,2024-03-21,Pro,USA,0.05,10,49
852,2024-03-15,Pro,Other,0.05,0,49
853,2024-02-09,Pro,UK,0.05,0,49
854,2024-02-04,Pro,Other,0.05,7,49
855,2024-02-07,Pro,Germany,0.05,0,49
856,2024-02-18,Pro,USA,0.05,9,49
857,2024-01-29,Basic,UK,0.08,3,19
858,2024-03-08,Pro,Other,0.05,0,49
859,2024-02-07,Pro,USA,0.05,0,49
860,2024-03-05,Basic,Other,0.08,0,19
861,2024-03-24,Basic,Sweden,0.08,7,19
862,2024-03-02,Basic,Sweden,0.08,0,19
863,2024-02-12,Basic,Sweden,0.08,0,19
864,2024-06-07,Basic,Other,0.08,0,19
865,2024-02-25,Basic,Sweden,0.08,3,19
866,2024-01-29,Basic,Norway,0.08,7,19
867,2024-03-04,Pro,Germany,0.05,1,49
868,2024-03-10,Basic,Germany,0.08,8,19
869,2024-03-09,Basic,USA,0.08,7,19
870,2024-04-07,Pro,USA,0.05,3,49
871,2024-03-19,Pro,USA,0.05,0,49
872,2024-02-19,Pro,USA,0.05,8,49
873,2024-04-21,Pro,UK,0.05,3,49
874,2024-04-14,Enterprise,Germany,0.03,0,199
875,2024-02-27,Enterprise,UK,0.03,11,199
876,2024-01-15,Basic,Other,0.08,0,19
877,2024-05-19,Basic,Norway,0.08,0,19
878,2024-02-10,Basic,UK,0.08,2,19
879,2024-04-05,Basic,UK,0.08,1,19
880,2024-02-18,Pro,USA,0.05,0,49
881,2024-03-26,Basic,UK,0.08,0,19
882,2024-02-23,Basic,Germany,0.08,4,19
883,2024-02-12,Pro,Other,0.05,0,49
884,2024-01-26,Basic,Other,0.08,9,19
885,2024-02-14,Pro,Sweden,0.05,11,49
886,2024-01-13,Pro,Sweden,0.05,9,49
887,2024-01-24,Pro,Other,0.05,1,49
888,2024-02-02,Basic,Norway,0.08,0,19
889,2024-01-28,Basic,Germany,0.08,4,19
890,2024-05-09,Pro,Norway,0.05,8,49
891,2024-03-03,Basic,Norway,0.08,1,19
892,2024-02-15,Pro,Other,0.05,2,49
893,2024-01-12,Basic,USA,0.08,10,19
894,2024-01-13,Enterprise,Other,0.03,0,199
895,2024-02-09,Basic,UK,0.08,11,19
896,2024-03-14,Pro,UK,0.05,0,49
897,2024-01-28,Basic,UK,0.08,4,19
898,2024-03-06,Pro,Sweden,0.05,9,49
899,2024-02-25,Basic,USA,0.08,1,19
900,2024-04-24,Pro,UK,0.05,7,49
901,2024-02-09,Pro,Norway,0.05,9,49
902,2024-03-19,Pro,USA,0.05,0,49
903,2024-01-24,Basic,UK,0.08,6,19
904,2024-02-06,Enterprise,Other,0.03,0,199
905,2024-06-18,Pro,Other,0.05,0,49
906,2024-04-03,Basic,UK,0.08,1,19
907,2024-05-10,Pro,Sweden,0.05,0,49
908,2024-02-07,Basic,Norway,0.08,0,19
909,2024-03-19,Basic,Germany,0.08,3,19
910,2024-01-24,Pro,Germany,0.05,0,49
911,2024-02-24,Enterprise,UK,0.03,8,199
912,2024-03-08,Basic,UK,0.08,3,19
913,2024-01-31,Basic,USA,0.08,9,19
914,2024-01-29,Basic,Sweden,0.08,1,19
915,2024-03-15,Pro,Other,0.05,0,49
916,2024-04-24,Basic,Germany,0.08,11,19
917,2024-04-22,Basic,USA,0.08,3,19
918,2024-02-10,Basic,Germany,0.08,0,19
919,2024-02-20,Pro,Other,0.05,0,49
920,2024-03-30,Basic,UK,0.08,1,19
921,2024-01-03,Basic,Germany,0.08,2,19
922,2024-03-21,Basic,Other,0.08,4,19
923,2024-06-03,Basic,Germany,0.08,1,19
924,2024-03-16,Basic,Other,0.08,7,19
925,2024-04-13,Basic,USA,0.08,8,19
926,2024-05-04,Basic,Other,0.08,8,19
927,2024-04-22,Basic,Other,0.08,2,19
928,2024-05-13,Pro,Sweden,0.05,11,49
929,2024-02-17,Basic,Other,0.08,0,19
930,2024-01-17,Pro,Sweden,0.05,5,49
931,2024-03-13,Pro,USA,0.05,0,49
932,2024-03-23,Basic,UK,0.08,0,19
933,2024-05-15,Pro,Norway,0.05,0,49
934,2024-01-24,Pro,Norway,0.05,0,49
935,2024-04-06,Basic,UK,0.08,2,19
936,2024-02-26,Enterprise,Sweden,0.03,0,199
937,2024-03-04,Basic,Germany,0.08,0,19
938,2024-05-25,Enterprise,Germany,0.03,0,199
939,2024-03-04,Pro,Other,0.05,2,49
940,2024-02-22,Enterprise,Other,0.03,4,199
941,2024-03-01,Basic,Germany,0.08,1,19
942,2024-01-26,Pro,UK,0.05,0,49
943,2024-01-22,Basic,UK,0.08,0,19
944,2024-01-22,Basic,UK,0.08,0,19
945,2024-04-10,Pro,UK,0.05,0,49
946,2024-03-05,Basic,USA,0.08,1,19
947,2024-04-28,Basic,Norway,0.08,5,19
948,2024-03-01,Basic,UK,0.08,0,19
949,2024-03-03,Pro,USA,0.05,0,49
950,2024-03-12,Basic,Other,0.08,0,19
951,2024-03-17,Basic,Norway,0.08,5,19
952,2024-02-10,Pro,Sweden,0.05,3,49
953,2024-03-29,Basic,Sweden,0.08,2,19
954,2024-03-07,Basic,UK,0.08,5,19
955,2024-03-21,Basic,Norway,0.08,0,19
956,2024-02-19,Basic,Germany,0.08,0,19
957,2024-03-17,Basic,Norway,0.08,1,19
958,2024-07-21,Pro,UK,0.05,0,49
959,2024-01-26,Basic,Other,0.08,12,19
960,2024-03-24,Pro,Other,0.05,0,49
961,2024-01-14,Basic,Norway,0.08,10,19
962,2024-03-26,Basic,Sweden,0.08,4,19
963,2024-02-01,Basic,Germany,0.08,4,19
964,2024-03-10,Pro,USA,0.05,7,49
965,2024-01-23,Pro,Other,0.05,7,49
966,2024-02-07,Pro,Norway,0.05,4,49
967,2024-03-10,Basic,Sweden,0.08,8,19
968,2024-03-28,Pro,Norway,0.05,2,49
969,2024-05-27,Basic,UK,0.08,2,19
970,2024-03-01,Pro,UK,0.05,0,49
971,2024-04-03,Pro,USA,0.05,12,49
972,2024-05-14,Basic,USA,0.08,9,19
973,2024-01-31,Basic,Other,0.08,1,19
974,2024-02-19,Pro,Sweden,0.05,4,49
975,2024-01-29,Basic,Germany,0.08,1,19
976,2024-02-26,Pro,Germany,0.05,12,49
977,2024-02-11,Basic,Germany,0.08,12,19
978,2024-01-30,Pro,Germany,0.05,0,49
979,2024-03-29,Basic,Other,0.08,0,19
980,2024-02-20,Basic,Sweden,0.08,2,19
981,2024-02-04,Pro,Other,0.05,0,49
982,2024-02-14,Pro,Other,0.05,0,49
983,2024-02-21,Pro,Other,0.05,10,49
984,2024-01-25,Pro,Sweden,0.05,4,49
985,2024-03-30,Basic,Sweden,0.08,6,19
986,2024-01-30,Pro,Other,0.05,0,49
987,2024-04-12,Pro,Norway,0.05,0,49
988,2024-04-17,Basic,USA,0.08,3,19
989,2024-01-29,Basic,Sweden,0.08,3,19
990,2024-05-09,Pro,Sweden,0.05,0,49
991,2024-02-09,Pro,UK,0.05,0,49
992,2024-01-20,Basic,Germany,0.08,3,19
993,2024-01-23,Pro,Other,0.05,6,49
994,2024-02-04,Pro,USA,0.05,0,49
995,2024-01-30,Pro,Norway,0.05,0,49
996,2024-03-13,Basic,Other,0.08,4,19
997,2024-04-08,Basic,Sweden,0.08,10,19
998,2024-05-21,Basic,Germany,0.08,0,19
999,2024-03-12,Basic,USA,0.08,9,19
1000,2024-03-07,Pro,Germany,0.05,0,49
1001,2024-02-26,Pro,Norway,0.05,0,49
1002,2024-02-14,Basic,USA,0.08,0,19
1003,2024-01-25,Pro,UK,0.05,0,49
1004,2024-03-23,Basic,Norway,0.08,0,19
1005,2024-03-02,Basic,Other,0.08,1,19
1006,2024-02-13,Enterprise,Norway,0.03,0,199
1007,2024-04-11,Pro,UK,0.05,0,49
1008,2024-02-25,Basic,Sweden,0.08,3,19
1009,2024-03-02,Basic,USA,0.08,0,19
1010,2024-03-07,Pro,UK,0.05,0,49
1011,2024-03-05,Pro,Sweden,0.05,4,49
1012,2024-03-08,Basic,UK,0.08,0,19
1013,2024-02-23,Basic,Norway,0.08,1,19
1014,2024-03-04,Basic,USA,0.08,1,19
1015,2024-02-21,Pro,USA,0.05,6,49
1016,2024-01-30,Basic,Germany,0.08,0,19
1017,2024-03-07,Basic,Other,0.08,3,19
1018,2024-01-30,Basic,UK,0.08,6,19
1019,2024-03-20,Pro,Norway,0.05,0,49
1020,2024-02-03,Basic,Other,0.08,0,19
1021,2024-05-01,Enterprise,Sweden,0.03,12,199
1022,2024-02-14,Basic,Germany,0.08,1,19
1023,2024-02-01,Basic,Other,0.08,0,19
1024,2024-01-07,Basic,Norway,0.08,11,19
1025,2024-04-09,Pro,UK,0.05,5,49
1026,2024-02-23,Pro,Sweden,0.05,0,49
1027,2024-02-05,Pro,Norway,0.05,0,49
1028,2024-03-12,Pro,UK,0.05,12,49
1029,2024-03-14,Pro,USA,0.05,7,49
1030,2024-03-23,Basic,Sweden,0.08,3,19
1031,2024-02-24,Basic,Sweden,0.08,2,19
1032,2024-02-18,Basic,Germany,0.08,8,19
1033,2024-05-23,Basic,Sweden,0.08,2,19
1034,2024-03-19,Pro,Other,0.05,0,49
1035,2024-01-13,Basic,Sweden,0.08,5,19
1036,2024-01-31,Pro,Germany,0.05,0,49
1037,2024-03-21,Basic,Other,0.08,10,19
1038,2024-03-29,Enterprise,UK,0.03,2,199
1039,2024-04-16,Basic,Sweden,0.08,0,19
1040,2024-03-28,Pro,Germany,0.05,0,49
1041,2024-03-03,Pro,Norway,0.05,10,49
1042,2024-01-29,Basic,Other,0.08,2,19
1043,2024-03-08,Basic,Germany,0.08,1,19
1044,2024-01-30,Basic,USA,0.08,0,19
1045,2024-01-31,Basic,Sweden,0.08,3,19
1046,2024-02-10,Pro,Norway,0.05,4,49
1047,2024-01-24,Basic,Sweden,0.08,11,19
1048,2024-02-15,Pro,Germany,0.05,2,49
1049,2024-02-06,Basic,Germany,0.08,0,19
1050,2024-03-17,Basic,Sweden,0.08,0,19
1051,2024-02-22,Basic,Sweden,0.08,0,19
1052,2024-01-16,Basic,Other,0.08,12,19
1053,2024-02-09,Basic,UK,0.08,0,19
1054,2024-05-09,Pro,Other,0.05,0,49
1055,2024-01-19,Basic,Other,0.08,0,19
1056,2024-02-18,Pro,UK,0.05,0,49
1057,2024-01-17,Enterprise,Germany,0.03,0,199
1058,2024-04-24,Basic,Norway,0.08,0,19
1059,2024-02-02,Pro,Other,0.05,6,49
1060,2024-03-12,Basic,USA,0.08,7,19
1061,2024-01-12,Pro,Other,0.05,6,49
1062,2024-02-25,Basic,Other,0.08,3,19
1063,2024-02-09,Basic,Germany,0.08,11,19
1064,2024-01-18,Pro,USA,0.05,1,49
1065,2024-01-17,Enterprise,Germany,0.03,6,199
1066,2024-03-02,Basic,UK,0.08,1,19
1067,2024-02-13,Basic,Other,0.08,0,19
1068,2024-03-17,Pro,Sweden,0.05,0,49
1069,2024-04-16,Basic,Sweden,0.08,0,19
1070,2024-02-27,Basic,UK,0.08,0,19
1071,2024-04-07,Pro,UK,0.05,0,49
1072,2024-02-10,Pro,USA,0.05,0,49
1073,2024-02-10,Enterprise,UK,0.03,0,199
1074,2024-04-10,Pro,Norway,0.05,0,49
1075,2024-04-19,Basic,Other,0.08,11,19
1076,2024-01-28,Basic,UK,0.08,0,19
1077,2024-03-12,Pro,Norway,0.05,1,49
1078,2024-01-24,Basic,Sweden,0.08,12,19
1079,2024-03-09,Basic,UK,0.08,10,19
1080,2024-03-20,Basic,Germany,0.08,4,19
1081,2024-03-08,Pro,Germany,0.05,0,49
1082,2024-01-20,Pro,UK,0.05,6,49
1083,2024-03-13,Basic,Sweden,0.08,1,19
1084,2024-02-25,Enterprise,Norway,0.03,0,199
1085,2024-02-20,Pro,Sweden,0.05,0,49
1086,2024-02-25,Basic,USA,0.08,1,19
1087,2024-03-06,Pro,UK,0.05,0,49
1088,2024-02-14,Pro,Sweden,0.05,8,49
1089,2024-03-02,Pro,Norway,0.05,0,49
1090,2024-04-25,Basic,Germany,0.08,1,19
1091,2024-03-24,Pro,Norway,0.05,0,49
1092,2024-01-15,Pro,Germany,0.05,2,49
1093,2024-01-25,Pro,Sweden,0.05,6,49
1094,2024-03-01,Basic,Sweden,0.08,0,19
1095,2024-03-10,Pro,Germany,0.05,10,49
1096,2024-02-20,Basic,Sweden,0.08,1,19
1097,2024-02-04,Pro,Germany,0.05,1,49
1098,2024-04-17,Basic,USA,0.08,2,19
1099,2024-02-07,Basic,Germany,0.08,2,19
1100,2024-03-04,Basic,Germany,0.08,6,19
1101,2024-02-02,Basic,Other,0.08,6,19
1102,2024-02-12,Enterprise,Sweden,0.03,0,199
1103,2024-01-13,Basic,Norway,0.08,6,19
1104,2024-03-02,Pro,Germany,0.05,7,49
1105,2024-01-11,Basic,UK,0.08,0,19
1106,2024-03-04,Basic,Sweden,0.08,10,19
1107,2024-04-02,Enterprise,Other,0.03,0,199
1108,2024-02-26,Basic,Other,0.08,0,19
1109,2024-05-21,Basic,UK,0.08,0,19
1110,2024-01-25,Basic,Other,0.08,1,19
1111,2024-01-21,Pro,Germany,0.05,0,49
1112,2024-02-29,Pro,Sweden,0.05,0,49
1113,2024-02-25,Basic,Germany,0.08,6,19
1114,2024-01-26,Pro,Norway,0.05,4,49
1115,2024-02-19,Pro,Germany,0.05,0,49
1116,2024-02-05,Basic,Sweden,0.08,8,19
1117,2024-02-07,Basic,Norway,0.08,0,19
1118,2024-02-19,Basic,Norway,0.08,0,19
1119,2024-04-01,Basic,Norway,0.08,5,19
1120,2024-03-01,Basic,USA,0.08,8,19
1121,2024-03-04,Pro,Germany,0.05,0,49
1122,2024-02-13,Enterprise,USA,0.03,0,199
1123,2024-01-20,Enterprise,Norway,0.03,0,199
1124,2024-02-07,Basic,USA,0.08,0,19
1125,2024-01-12,Basic,USA,0.08,5,19
1126,2024-03-05,Pro,UK,0.05,4,49
1127,2024-01-23,Pro,Germany,0.05,11,49
1128,2024-02-28,Basic,Sweden,0.08,0,19
1129,2024-02-24,Pro,Other,0.05,1,49
1130,2024-03-12,Pro,Germany,0.05,0,49
1131,2024-01-29,Basic,UK,0.08,0,19
1132,2024-03-04,Basic,USA,0.08,1,19
1133,2024-02-05,Basic,Norway,0.08,3,19
1134,2024-03-08,Basic,Sweden,0.08,0,19
1135,2024-03-10,Basic,UK,0.08,1,19
1136,2024-02-24,Basic,Sweden,0.08,2,19
1137,2024-03-24,Basic,USA,0.08,12,19
1138,2024-04-09,Pro,Other,0.05,12,49
1139,2024-02-20,Pro,Germany,0.05,0,49
1140,2024-02-14,Pro,Germany,0.05,3,49
1141,2024-04-16,Pro,Other,0.05,8,49
1142,2024-01-12,Pro,UK,0.05,8,49
1143,2024-01-31,Pro,USA,0.05,0,49
1144,2024-02-17,Pro,Germany,0.05,7,49
1145,2024-02-08,Pro,Other,0.05,0,49
1146,2024-02-03,Pro,USA,0.05,6,49
1147,2024-04-01,Pro,USA,0.05,5,49
1148,2024-02-16,Pro,Norway,0.05,0,49
1149,2024-02-01,Pro,Sweden,0.05,0,49
1150,2024-03-16,Basic,Norway,0.08,0,19
1151,2024-01-24,Basic,Sweden,0.08,0,19
1152,2024-02-06,Basic,UK,0.08,0,19
1153,2024-03-05,Basic,Sweden,0.08,7,19
1154,2024-02-19,Basic,Norway,0.08,0,19
1155,2024-03-31,Basic,Germany,0.08,0,19
1156,2024-03-04,Basic,USA,0.08,6,19
1157,2024-05-28,Pro,Other,0.05,5,49
1158,2024-02-16,Basic,UK,0.08,0,19
1159,2024-02-24,Pro,Other,0.05,3,49
1160,2024-01-29,Pro,Norway,0.05,0,49
1161,2024-01-27,Basic,USA,0.08,1,19
1162,2024-03-25,Basic,Sweden,0.08,0,19
1163,2024-04-18,Pro,Germany,0.05,0,49
1164,2024-03-02,Pro,Sweden,0.05,0,49
1165,2024-04-01,Basic,USA,0.08,0,19
1166,2024-02-13,Basic,Other,0.08,12,19
1167,2024-02-07,Basic,Sweden,0.08,10,19
1168,2024-03-04,Basic,Other,0.08,7,19
1169,2024-04-10,Basic,Other,0.08,4,19
1170,2024-04-08,Basic,Other,0.08,5,19
1171,2024-02-03,Basic,Germany,0.08,5,19
1172,2024-02-25,Pro,UK,0.05,5,49
1173,2024-02-15,Pro,Sweden,0.05,0,49
1174,2024-02-10,Basic,Norway,0.08,3,19
1175,2024-04-03,Basic,Other,0.08,2,19
1176,2024-02-15,Basic,UK,0.08,11,19
1177,2024-04-04,Pro,Other,0.05,0,49
1178,2024-03-18,Basic,Other,0.08,6,19
1179,2024-02-11,Pro,UK,0.05,0,49
1180,2024-02-06,Basic,USA,0.08,0,19
1181,2024-02-02,Pro,Other,0.05,7,49
1182,2024-04-12,Pro,USA,0.05,2,49
1183,2024-02-22,Enterprise,Sweden,0.03,0,199
1184,2024-04-01,Basic,Norway,0.08,11,19
1185,2024-03-10,Pro,Other,0.05,0,49
1186,2024-02-08,Basic,Germany,0.08,0,19
1187,2024-02-28,Basic,UK,0.08,1,19
1188,2024-02-12,Basic,Norway,0.08,2,19
1189,2024-04-21,Pro,USA,0.05,3,49
1190,2024-01-26,Pro,UK,0.05,1,49
1191,2024-03-18,Enterprise,USA,0.03,10,199
1192,2024-06-28,Pro,Germany,0.05,0,49
1193,2024-02-27,Basic,Other,0.08,2,19
1194,2024-04-17,Pro,USA,0.05,5,49
1195,2024-01-21,Basic,Sweden,0.08,0,19
1196,2024-01-23,Basic,Germany,0.08,0,19
1197,2024-03-25,Basic,Other,0.08,0,19
1198,2024-04-21,Basic,USA,0.08,3,19
1199,2024-02-28,Basic,Germany,0.08,5,19
1200,2024-01-27,Pro,USA,0.05,9,49
1201,2024-04-08,Basic,USA,0.08,2,19
1202,2024-02-03,Basic,USA,0.08,12,19
1203,2024-02-24,Basic,Germany,0.08,6,19
1204,2024-01-30,Basic,Other,0.08,3,19
1205,2024-02-13,Basic,UK,0.08,0,19
1206,2024-04-15,Basic,UK,0.08,0,19
1207,2024-02-07,Basic,Sweden,0.08,2,19
1208,2024-04-03,Basic,Norway,0.08,2,19
1209,2024-03-21,Basic,UK,0.08,4,19
1210,2024-04-13,Pro,Other,0.05,0,49
1211,2024-03-09,Basic,USA,0.08,5,19
1212,2024-03-10,Basic,Other,0.08,2,19
1213,2024-02-28,Pro,UK,0.05,1,49
1214,2024-02-03,Basic,Sweden,0.08,1,19
1215,2024-01-04,Pro,Sweden,0.05,0,49
1216,2024-03-21,Basic,UK,0.08,2,19
1217,2024-02-06,Pro,Germany,0.05,0,49
1218,2024-02-03,Pro,Sweden,0.05,5,49
1219,2024-02-09,Basic,Sweden,0.08,0,19
1220,2024-04-19,Pro,Sweden,0.05,2,49
1221,2024-03-29,Pro,Sweden,0.05,0,49
1222,2024-01-20,Basic,UK,0.08,2,19
1223,2024-05-30,Basic,UK,0.08,8,19
1224,2024-05-03,Basic,Sweden,0.08,0,19
1225,2024-03-22,Basic,Sweden,0.08,0,19
1226,2024-01-06,Basic,Other,0.08,0,19
1227,2024-01-20,Pro,Germany,0.05,1,49
1228,2024-05-03,Basic,Germany,0.08,9,19
1229,2024-03-15,Pro,USA,0.05,0,49
1230,2024-04-17,Basic,Sweden,0.08,4,19
1231,2024-02-15,Pro,Sweden,0.05,9,49
1232,2024-03-13,Basic,USA,0.08,5,19
1233,2024-01-22,Basic,USA,0.08,3,19
1234,2024-02-23,Enterprise,USA,0.03,0,199
1235,2024-03-23,Basic,Sweden,0.08,4,19
1236,2024-02-03,Basic,Germany,0.08,0,19
1237,2024-02-20,Basic,Sweden,0.08,1,19
1238,2024-02-16,Pro,USA,0.05,5,49
1239,2024-03-10,Basic,UK,0.08,0,19
1240,2024-03-04,Basic,Sweden,0.08,0,19
1241,2024-02-22,Basic,Sweden,0.08,0,19
1242,2024-03-21,Basic,USA,0.08,7,19
1243,2024-01-20,Basic,Other,0.08,4,19
1244,2024-02-09,Pro,UK,0.05,0,49
1245,2024-02-22,Basic,UK,0.08,0,19
1246,2024-01-21,Pro,USA,0.05,0,49
1247,2024-02-11,Basic,Other,0.08,2,19
1248,2024-02-04,Basic,Sweden,0.08,0,19
1249,2024-02-19,Enterprise,Germany,0.03,0,199
1250,2024-05-12,Basic,Germany,0.08,5,19
1251,2024-03-18,Pro,Other,0.05,0,49
1252,2024-02-26,Pro,Germany,0.05,0,49
1253,2024-04-15,Pro,Other,0.05,2,49
1254,2024-02-22,Basic,Other,0.08,0,19
1255,2024-02-04,Basic,Germany,0.08,11,19
1256,2024-03-16,Basic,Sweden,0.08,0,19
1257,2024-01-23,Pro,UK,0.05,7,49
1258,2024-02-20,Pro,USA,0.05,4,49
1259,2024-01-19,Pro,Sweden,0.05,8,49
1260,2024-03-08,Pro,Other,0.05,0,49
1261,2024-01-14,Basic,Sweden,0.08,1,19
1262,2024-02-16,Pro,Sweden,0.05,10,49
1263,2024-05-24,Pro,Germany,0.05,0,49
1264,2024-01-26,Pro,USA,0.05,1,49
1265,2024-02-20,Basic,Sweden,0.08,2,19
1266,2024-03-17,Pro,Other,0.05,1,49
1267,2024-04-19,Basic,Norway,0.08,0,19
1268,2024-02-04,Pro,Other,0.05,7,49
1269,2024-01-27,Basic,Sweden,0.08,12,19
1270,2024-01-25,Basic,Other,0.08,0,19
1271,2024-02-12,Basic,Other,0.08,12,19
1272,2024-02-20,Enterprise,Other,0.03,0,199
1273,2024-02-08,Pro,Germany,0.05,5,49
1274,2024-03-28,Basic,Norway,0.08,0,19
1275,2024-03-15,Basic,UK,0.08,5,19
1276,2024-02-13,Basic,USA,0.08,1,19
1277,2024-02-10,Pro,Other,0.05,3,49
1278,2024-02-29,Basic,UK,0.08,3,19
1279,2024-01-30,Pro,USA,0.05,1,49
1280,2024-02-05,Basic,USA,0.08,0,19
1281,2024-01-24,Basic,UK,0.08,8,19
1282,2024-01-25,Basic,UK,0.08,3,19
1283,2024-03-02,Pro,Other,0.05,0,49
1284,2024-04-22,Basic,Germany,0.08,0,19
1285,2024-02-29,Basic,Germany,0.08,0,19
1286,2024-03-12,Pro,Norway,0.05,12,49
1287,2024-02-15,Basic,USA,0.08,3,19
1288,2024-01-08,Pro,Norway,0.05,0,49
1289,2024-05-19,Basic,Other,0.08,7,19
1290,2024-03-12,Enterprise,Sweden,0.03,8,199
1291,2024-01-27,Pro,USA,0.05,3,49
1292,2024-01-20,Basic,Norway,0.08,3,19
1293,2024-02-04,Basic,Other,0.08,0,19
1294,2024-02-13,Basic,Sweden,0.08,0,19
1295,2024-05-04,Basic,Sweden,0.08,8,19
1296,2024-03-23,Basic,Norway,0.08,0,19
1297,2024-02-08,Basic,Sweden,0.08,9,19
1298,2024-04-22,Basic,Norway,0.08,11,19
1299,2024-02-16,Pro,Norway,0.05,0,49
1300,2024-02-18,Basic,Sweden,0.08,0,19
1301,2024-01-21,Basic,Germany,0.08,12,19
1302,2024-02-06,Basic,USA,0.08,0,19
1303,2024-02-05,Basic,USA,0.08,3,19
1304,2024-03-23,Pro,Norway,0.05,0,49
1305,2024-02-26,Pro,USA,0.05,0,49
1306,2024-02-24,Basic,Other,0.08,5,19
1307,2024-03-12,Basic,UK,0.08,5,19
1308,2024-01-30,Basic,USA,0.08,0,19
1309,2024-03-08,Basic,Other,0.08,3,19
1310,2024-02-18,Basic,Norway,0.08,0,19
1311,2024-04-26,Basic,Germany,0.08,2,19
1312,2024-04-02,Basic,USA,0.08,4,19
1313,2024-03-17,Pro,Germany,0.05,7,49
1314,2024-02-25,Pro,UK,0.05,0,49
1315,2024-04-12,Basic,USA,0.08,5,19
1316,2024-03-25,Basic,UK,0.08,0,19
1317,2024-01-29,Pro,Germany,0.05,0,49
1318,2024-02-17,Basic,Germany,0.08,9,19
1319,2024-02-08,Pro,Sweden,0.05,12,49
1320,2024-03-17,Basic,Germany,0.08,0,19
1321,2024-02-12,Pro,Sweden,0.05,0,49
1322,2024-02-07,Basic,Norway,0.08,0,19
1323,2024-03-25,Pro,UK,0.05,0,49
1324,2024-03-28,Pro,UK,0.05,0,49
1325,2024-04-12,Pro,Germany,0.05,0,49
1326,2024-06-28,Basic,USA,0.08,8,19
1327,2024-01-29,Pro,Sweden,0.05,6,49
1328,2024-02-23,Basic,Sweden,0.08,5,19
1329,2024-01-19,Basic,Other,0.08,6,19
1330,2024-02-13,Pro,Sweden,0.05,0,49
1331,2024-02-17,Basic,Sweden,0.08,2,19
1332,2024-01-19,Pro,Other,0.05,2,49
1333,2024-02-21,Basic,UK,0.08,3,19
1334,2024-01-20,Basic,Germany,0.08,0,19
1335,2024-03-21,Basic,USA,0.08,7,19
1336,2024-02-17,Basic,Norway,0.08,1,19
1337,2024-04-01,Pro,Norway,0.05,0,49
1338,2024-03-07,Pro,Norway,0.05,2,49
1339,2024-03-02,Enterprise,USA,0.03,0,199
1340,2024-02-12,Pro,Other,0.05,0,49
1341,2024-02-02,Pro,USA,0.05,1,49
1342,2024-01-27,Basic,Germany,0.08,6,19
1343,2024-02-18,Basic,Other,0.08,10,19
1344,2024-03-16,Enterprise,USA,0.03,0,199
1345,2024-02-26,Pro,Sweden,0.05,0,49
1346,2024-01-26,Pro,Sweden,0.05,3,49
1347,2024-03-24,Pro,Sweden,0.05,11,49
1348,2024-03-31,Pro,Other,0.05,2,49
1349,2024-01-22,Basic,Other,0.08,2,19
1350,2024-02-24,Pro,Other,0.05,3,49
1351,2024-03-23,Basic,Sweden,0.08,0,19
1352,2024-02-17,Basic,USA,0.08,6,19
1353,2024-04-02,Basic,Germany,0.08,8,19
1354,2024-03-17,Basic,Sweden,0.08,0,19
1355,2024-03-12,Basic,Sweden,0.08,0,19
1356,2024-03-08,Basic,USA,0.08,0,19
1357,2024-03-07,Basic,Other,0.08,4,19
1358,2024-04-02,Basic,UK,0.08,0,19
1359,2024-02-20,Basic,Sweden,0.08,8,19
1360,2024-04-11,Enterprise,UK,0.03,0,199
1361,2024-05-09,Enterprise,Sweden,0.03,0,199
1362,2024-02-01,Pro,Other,0.05,7,49
1363,2024-02-09,Pro,Sweden,0.05,2,49
1364,2024-03-26,Pro,Other,0.05,0,49
1365,2024-05-02,Basic,Norway,0.08,0,19
1366,2024-04-21,Pro,Norway,0.05,0,49
1367,2024-02-18,Basic,Sweden,0.08,8,19
1368,2024-05-19,Pro,USA,0.05,0,49
1369,2024-04-19,Basic,UK,0.08,4,19
1370,2024-02-04,Basic,Norway,0.08,2,19
1371,2024-04-17,Enterprise,Germany,0.03,0,199
1372,2024-04-03,Basic,Norway,0.08,0,19
1373,2024-01-07,Pro,Sweden,0.05,9,49
1374,2024-02-03,Basic,UK,0.08,10,19
1375,2024-02-21,Enterprise,USA,0.03,0,199
1376,2024-02-08,Basic,USA,0.08,0,19
1377,2024-04-04,Pro,USA,0.05,0,49
1378,2024-04-17,Pro,Norway,0.05,1,49
1379,2024-04-28,Pro,Other,0.05,0,49
1380,2024-01-28,Basic,Other,0.08,0,19
1381,2024-01-21,Pro,USA,0.05,4,49
1382,2024-02-17,Basic,Germany,0.08,0,19
1383,2024-04-24,Basic,Other,0.08,3,19
1384,2024-01-18,Basic,USA,0.08,0,19
1385,2024-02-11,Basic,USA,0.08,6,19
1386,2024-02-22,Enterprise,Norway,0.03,0,199
1387,2024-03-13,Basic,Other,0.08,12,19
1388,2024-01-21,Basic,UK,0.08,0,19
1389,2024-03-10,Basic,Sweden,0.08,3,19
1390,2024-03-25,Basic,UK,0.08,9,19
1391,2024-02-17,Basic,UK,0.08,0,19
1392,2024-03-02,Pro,Other,0.05,0,49
1393,2024-03-10,Basic,Germany,0.08,0,19
1394,2024-02-04,Basic,USA,0.08,0,19
1395,2024-01-26,Basic,Other,0.08,6,19
1396,2024-03-05,Basic,Norway,0.08,0,19
1397,2024-02-15,Basic,Germany,0.08,0,19
1398,2024-01-30,Pro,Other,0.05,0,49
1399,2024-05-05,Pro,Sweden,0.05,1,49
1400,2024-02-16,Basic,UK,0.08,0,19
1401,2024-04-07,Basic,UK,0.08,5,19
1402,2024-01-27,Basic,Norway,0.08,1,19
1403,2024-02-18,Pro,Sweden,0.05,0,49
1404,2024-01-14,Basic,Germany,0.08,0,19
1405,2024-05-08,Enterprise,Norway,0.03,8,199
1406,2024-04-17,Pro,USA,0.05,4,49
1407,2024-03-23,Enterprise,USA,0.03,0,199
1408,2024-02-26,Pro,Norway,0.05,2,49
1409,2024-02-23,Basic,Sweden,0.08,7,19
1410,2024-02-13,Basic,Sweden,0.08,2,19
1411,2024-03-09,Basic,UK,0.08,0,19
1412,2024-01-20,Basic,Germany,0.08,0,19
1413,2024-02-01,Pro,Germany,0.05,0,49
1414,2024-04-30,Basic,Sweden,0.08,0,19
1415,2024-02-11,Basic,Norway,0.08,7,19
1416,2024-03-05,Basic,Germany,0.08,0,19
1417,2024-01-28,Basic,Germany,0.08,2,19
1418,2024-04-22,Pro,Sweden,0.05,0,49
1419,2024-03-07,Basic,USA,0.08,0,19
1420,2024-03-04,Basic,Norway,0.08,4,19
1421,2024-02-04,Pro,Other,0.05,5,49
1422,2024-03-21,Basic,Germany,0.08,0,19
1423,2024-03-21,Basic,Other,0.08,7,19
1424,2024-04-16,Basic,Sweden,0.08,11,19
1425,2024-01-25,Basic,Other,0.08,1,19
1426,2024-02-04,Pro,Germany,0.05,0,49
1427,2024-01-23,Basic,UK,0.08,7,19
1428,2024-03-21,Basic,Norway,0.08,2,19
1429,2024-02-23,Pro,Germany,0.05,0,49
1430,2024-03-30,Basic,Sweden,0.08,7,19
1431,2024-03-12,Pro,Germany,0.05,0,49
1432,2024-03-04,Pro,UK,0.05,1,49
1433,2024-03-20,Basic,Sweden,0.08,0,19
1434,2024-02-05,Pro,Sweden,0.05,3,49
1435,2024-01-30,Basic,Other,0.08,0,19
1436,2024-02-03,Enterprise,Germany,0.03,1,199
1437,2024-03-28,Pro,Norway,0.05,0,49
1438,2024-03-28,Basic,Germany,0.08,8,19
1439,2024-02-09,Pro,Sweden,0.05,10,49
1440,2024-04-06,Pro,Norway,0.05,0,49
1441,2024-02-14,Pro,UK,0.05,0,49
1442,2024-05-04,Basic,Germany,0.08,0,19
1443,2024-03-04,Basic,Sweden,0.08,10,19
1444,2024-01-27,Pro,Sweden,0.05,0,49
1445,2024-01-30,Pro,Sweden,0.05,0,49
1446,2024-01-28,Pro,USA,0.05,0,49
1447,2024-04-11,Basic,USA,0.08,6,19
1448,2024-01-28,Basic,Sweden,0.08,4,19
1449,2024-02-01,Pro,Other,0.05,8,49
1450,2024-02-02,Basic,Other,0.08,8,19
1451,2024-02-06,Basic,USA,0.08,0,19
1452,2024-05-21,Basic,Other,0.08,0,19
1453,2024-02-12,Basic,Norway,0.08,0,19
1454,2024-03-20,Basic,Sweden,0.08,0,19
1455,2024-05-14,Basic,Norway,0.08,1,19
1456,2024-03-25,Basic,Other,0.08,7,19
1457,2024-06-12,Pro,Norway,0.05,1,49
1458,2024-02-09,Basic,Norway,0.08,1,19
1459,2024-02-13,Pro,Sweden,0.05,6,49
1460,2024-02-05,Basic,USA,0.08,2,19
1461,2024-04-15,Pro,USA,0.05,10,49
1462,2024-01-10,Pro,Germany,0.05,4,49
1463,2024-02-15,Enterprise,UK,0.03,0,199
1464,2024-02-28,Pro,Germany,0.05,10,49
1465,2024-01-16,Pro,USA,0.05,0,49
1466,2024-04-24,Basic,UK,0.08,4,19
1467,2024-02-10,Basic,USA,0.08,1,19
1468,2024-03-12,Pro,Other,0.05,5,49
1469,2024-02-01,Basic,Other,0.08,0,19
1470,2024-04-05,Basic,Norway,0.08,0,19
1471,2024-03-05,Basic,Sweden,0.08,0,19
1472,2024-04-05,Pro,Other,0.05,0,49
1473,2024-05-14,Basic,Germany,0.08,6,19
1474,2024-03-16,Basic,UK,0.08,2,19
1475,2024-02-02,Basic,Other,0.08,1,19
1476,2024-01-31,Basic,Norway,0.08,2,19
1477,2024-01-18,Enterprise,USA,0.03,0,199
1478,2024-03-08,Pro,USA,0.05,6,49
1479,2024-01-31,Basic,Other,0.08,0,19
1480,2024-03-23,Basic,USA,0.08,10,19
1481,2024-01-27,Basic,UK,0.08,1,19
1482,2024-01-23,Pro,USA,0.05,1,49
1483,2024-04-15,Basic,Norway,0.08,9,19
1484,2024-03-27,Pro,Germany,0.05,12,49
1485,2024-02-21,Basic,USA,0.08,0,19
1486,2024-04-28,Basic,Sweden,0.08,9,19
1487,2024-02-11,Basic,USA,0.08,0,19
1488,2024-02-27,Pro,UK,0.05,4,49
1489,2024-03-21,Basic,Germany,0.08,9,19
1490,2024-04-20,Pro,Other,0.05,0,49
1491,2024-03-18,Pro,Germany,0.05,5,49
1492,2024-02-23,Pro,Sweden,0.05,0,49
1493,2024-03-20,Basic,Norway,0.08,0,19
1494,2024-01-31,Pro,Other,0.05,0,49
1495,2024-02-19,Basic,Sweden,0.08,0,19
1496,2024-03-19,Basic,UK,0.08,0,19
1497,2024-04-01,Basic,Other,0.08,2,19
1498,2024-01-19,Basic,Sweden,0.08,12,19
1499,2024-02-04,Basic,Norway,0.08,4,19
1500,2024-02-10,Enterprise,Other,0.03,3,199
1501,2024-04-05,Basic,USA,0.08,0,19
1502,2024-03-14,Basic,Norway,0.08,8,19
1503,2024-01-30,Pro,Germany,0.05,0,49
1504,2024-03-09,Basic,UK,0.08,8,19
1505,2024-02-08,Basic,Norway,0.08,11,19
1506,2024-04-23,Basic,Germany,0.08,0,19
1507,2024-02-21,Basic,Germany,0.08,0,19
1508,2024-02-18,Basic,Sweden,0.08,6,19
1509,2024-01-28,Pro,Other,0.05,0,49
1510,2024-02-26,Pro,Other,0.05,1,49
1511,2024-02-05,Pro,UK,0.05,10,49
1512,2024-03-02,Basic,Germany,0.08,8,19
1513,2024-01-10,Basic,USA,0.08,0,19
1514,2024-02-25,Basic,Sweden,0.08,1,19
1515,2024-04-06,Basic,Sweden,0.08,11,19
1516,2024-05-26,Enterprise,Germany,0.03,7,199
1517,2024-02-15,Pro,USA,0.05,0,49
1518,2024-03-10,Pro,Sweden,0.05,0,49
1519,2024-01-26,Pro,Germany,0.05,3,49
1520,2024-01-14,Basic,USA,0.08,0,19
1521,2024-03-03,Basic,Norway,0.08,0,19
1522,2024-03-13,Pro,USA,0.05,10,49
1523,2024-03-27,Pro,Germany,0.05,0,49
1524,2024-02-17,Basic,Norway,0.08,0,19
1525,2024-08-03,Pro,Germany,0.05,0,49
1526,2024-01-30,Pro,Norway,0.05,0,49
1527,2024-02-20,Basic,Germany,0.08,0,19
1528,2024-02-14,Basic,Other,0.08,8,19
1529,2024-02-22,Basic,USA,0.08,0,19
1530,2024-03-06,Basic,Norway,0.08,0,19
1531,2024-02-24,Pro,Germany,0.05,0,49
1532,2024-04-02,Pro,Norway,0.05,0,49
1533,2024-02-23,Basic,USA,0.08,0,19
1534,2024-01-31,Basic,Norway,0.08,4,19
1535,2024-04-13,Basic,Norway,0.08,0,19
1536,2024-02-02,Basic,Norway,0.08,0,19
1537,2024-03-23,Basic,USA,0.08,0,19
1538,2024-04-19,Pro,Other,0.05,4,49
1539,2024-03-23,Pro,UK,0.05,0,49
1540,2024-02-01,Basic,USA,0.08,0,19
1541,2024-02-15,Pro,Other,0.05,0,49
1542,2024-02-18,Basic,Norway,0.08,11,19
1543,2024-02-23,Basic,UK,0.08,1,19
1544,2024-01-18,Basic,UK,0.08,0,19
1545,2024-04-28,Pro,Sweden,0.05,0,49
1546,2024-02-04,Pro,Other,0.05,0,49
1547,2024-03-24,Basic,Germany,0.08,0,19
1548,2024-02-24,Pro,USA,0.05,0,49
1549,2024-01-19,Pro,Other,0.05,0,49
1550,2024-01-22,Basic,Sweden,0.08,7,19
1551,2024-03-01,Basic,USA,0.08,2,19
1552,2024-01-21,Pro,Norway,0.05,0,49
1553,2024-04-07,Enterprise,Sweden,0.03,0,199
1554,2024-01-31,Basic,UK,0.08,11,19
1555,2024-01-23,Pro,Other,0.05,0,49
1556,2024-01-05,Pro,UK,0.05,0,49
1557,2024-02-04,Basic,Other,0.08,0,19
1558,2024-03-25,Pro,Germany,0.05,0,49
1559,2024-03-19,Pro,UK,0.05,9,49
1560,2024-03-09,Basic,Sweden,0.08,8,19
1561,2024-04-16,Basic,UK,0.08,1,19
1562,2024-02-24,Basic,Norway,0.08,8,19
1563,2024-02-25,Basic,UK,0.08,4,19
1564,2024-07-03,Basic,Other,0.08,0,19
1565,2024-02-13,Basic,USA,0.08,12,19
1566,2024-03-21,Pro,USA,0.05,1,49
1567,2024-01-28,Basic,Sweden,0.08,0,19
1568,2024-01-21,Basic,Norway,0.08,1,19
1569,2024-02-01,Pro,UK,0.05,2,49
1570,2024-02-09,Enterprise,Germany,0.03,0,199
1571,2024-02-26,Basic,Germany,0.08,0,19
1572,2024-03-04,Basic,Other,0.08,3,19
1573,2024-06-27,Pro,UK,0.05,4,49
1574,2024-03-10,Basic,Norway,0.08,0,19
1575,2024-02-14,Pro,UK,0.05,0,49
1576,2024-02-01,Basic,UK,0.08,6,19
1577,2024-02-01,Pro,Norway,0.05,7,49
1578,2024-03-09,Pro,USA,0.05,5,49
1579,2024-02-08,Basic,UK,0.08,9,19
1580,2024-02-06,Pro,Other,0.05,0,49
1581,2024-04-21,Pro,UK,0.05,0,49
1582,2024-02-03,Basic,Germany,0.08,4,19
1583,2024-02-28,Basic,Germany,0.08,0,19
1584,2024-02-07,Pro,Norway,0.05,0,49
1585,2024-05-06,Pro,USA,0.05,0,49
1586,2024-01-17,Basic,Norway,0.08,0,19
1587,2024-07-18,Basic,USA,0.08,8,19
1588,2024-02-09,Enterprise,Sweden,0.03,0,199
1589,2024-02-01,Basic,Germany,0.08,7,19
1590,2024-03-18,Pro,UK,0.05,0,49
1591,2024-03-14,Basic,Norway,0.08,0,19
1592,2024-01-12,Basic,Sweden,0.08,0,19
1593,2024-04-21,Basic,USA,0.08,0,19
1594,2024-03-23,Pro,Germany,0.05,3,49
1595,2024-02-07,Basic,USA,0.08,6,19
1596,2024-02-11,Pro,Sweden,0.05,5,49
1597,2024-02-07,Basic,Other,0.08,3,19
1598,2024-05-27,Basic,Germany,0.08,3,19
1599,2024-07-07,Basic,Germany,0.08,0,19
1600,2024-01-25,Basic,Norway,0.08,0,19
1601,2024-01-14,Pro,Germany,0.05,0,49
1602,2024-01-21,Pro,USA,0.05,0,49
1603,2024-01-18,Basic,Germany,0.08,0,19
1604,2024-02-23,Basic,Sweden,0.08,4,19
1605,2024-04-04,Basic,Germany,0.08,0,19
1606,2024-03-17,Enterprise,USA,0.03,0,199
1607,2024-03-01,Pro,Germany,0.05,0,49
1608,2024-04-14,Basic,Sweden,0.08,0,19
1609,2024-06-27,Pro,Germany,0.05,0,49
1610,2024-01-28,Basic,Other,0.08,7,19
1611,2024-04-06,Basic,Norway,0.08,0,19
1612,2024-02-15,Basic,Norway,0.08,0,19
1613,2024-01-22,Basic,Germany,0.08,1,19
1614,2024-02-08,Basic,UK,0.08,11,19
1615,2024-04-16,Basic,UK,0.08,10,19
1616,2024-02-05,Basic,Norway,0.08,0,19
1617,2024-03-03,Basic,Sweden,0.08,9,19
1618,2024-01-30,Basic,Germany,0.08,8,19
1619,2024-03-17,Pro,Norway,0.05,0,49
1620,2024-02-22,Basic,Germany,0.08,2,19
1621,2024-01-14,Enterprise,Norway,0.03,0,199
1622,2024-03-18,Enterprise,Sweden,0.03,11,199
1623,2024-03-12,Enterprise,Sweden,0.03,0,199
1624,2024-04-01,Basic,UK,0.08,0,19
1625,2024-02-15,Basic,Norway,0.08,1,19
1626,2024-06-01,Basic,Norway,0.08,1,19
1627,2024-01-27,Pro,USA,0.05,0,49
1628,2024-02-13,Pro,USA,0.05,9,49
1629,2024-02-10,Pro,UK,0.05,0,49
1630,2024-03-01,Basic,USA,0.08,6,19
1631,2024-01-19,Basic,Norway,0.08,2,19
1632,2024-03-09,Pro,Sweden,0.05,5,49
1633,2024-01-10,Basic,Sweden,0.08,1,19
1634,2024-02-21,Basic,Other,0.08,0,19
1635,2024-02-04,Basic,UK,0.08,4,19
1636,2024-01-18,Basic,Other,0.08,4,19
1637,2024-03-07,Basic,USA,0.08,0,19
1638,2024-03-25,Pro,USA,0.05,2,49
1639,2024-02-06,Basic,UK,0.08,2,19
1640,2024-02-25,Basic,Sweden,0.08,8,19
1641,2024-04-22,Basic,USA,0.08,0,19
1642,2024-01-21,Basic,Other,0.08,2,19
1643,2024-01-26,Pro,Sweden,0.05,12,49
1644,2024-03-06,Basic,Other,0.08,0,19
1645,2024-03-10,Enterprise,Other,0.03,11,199
1646,2024-01-24,Basic,Norway,0.08,0,19
1647,2024-02-13,Pro,Germany,0.05,0,49
1648,2024-04-18,Pro,Norway,0.05,4,49
1649,2024-02-21,Basic,Germany,0.08,0,19
1650,2024-04-19,Basic,USA,0.08,0,19
1651,2024-03-04,Pro,USA,0.05,0,49
1652,2024-02-27,Basic,UK,0.08,12,19
1653,2024-02-12,Pro,Sweden,0.05,0,49
1654,2024-03-08,Pro,Other,0.05,12,49
1655,2024-01-29,Pro,UK,0.05,2,49
1656,2024-02-15,Basic,UK,0.08,0,19
1657,2024-02-09,Basic,UK,0.08,2,19
1658,2024-02-04,Basic,Sweden,0.08,0,19
1659,2024-04-21,Basic,UK,0.08,1,19
1660,2024-05-18,Basic,Other,0.08,12,19
1661,2024-04-08,Basic,Germany,0.08,7,19
1662,2024-03-08,Basic,UK,0.08,0,19
1663,2024-02-04,Basic,UK,0.08,9,19
1664,2024-02-11,Basic,Other,0.08,6,19
1665,2024-02-21,Pro,Germany,0.05,11,49
1666,2024-02-11,Basic,USA,0.08,12,19
1667,2024-04-23,Pro,Sweden,0.05,0,49
1668,2024-02-29,Pro,Norway,0.05,0,49
1669,2024-02-03,Basic,Germany,0.08,3,19
1670,2024-03-22,Basic,USA,0.08,4,19
1671,2024-02-28,Basic,USA,0.08,8,19
1672,2024-01-18,Pro,Germany,0.05,0,49
1673,2024-01-26,Basic,Germany,0.08,6,19
1674,2024-01-06,Pro,UK,0.05,1,49
1675,2024-01-30,Basic,Norway,0.08,5,19
1676,2024-02-16,Basic,Norway,0.08,12,19
1677,2024-02-28,Basic,Sweden,0.08,0,19
1678,2024-02-16,Basic,Sweden,0.08,1,19
1679,2024-02-21,Pro,Other,0.05,0,49
1680,2024-03-24,Basic,Germany,0.08,1,19
1681,2024-03-17,Basic,Sweden,0.08,0,19
1682,2024-01-18,Basic,UK,0.08,0,19
1683,2024-01-24,Basic,Sweden,0.08,11,19
1684,2024-01-12,Pro,Other,0.05,0,49
1685,2024-04-14,Basic,Other,0.08,0,19
1686,2024-07-16,Pro,UK,0.05,5,49
1687,2024-03-04,Basic,Germany,0.08,0,19
1688,2024-02-04,Pro,Sweden,0.05,1,49
1689,2024-04-07,Basic,UK,0.08,2,19
1690,2024-06-13,Basic,UK,0.08,12,19
1691,2024-03-28,Basic,Other,0.08,10,19
1692,2024-04-30,Basic,Norway,0.08,5,19
1693,2024-02-03,Basic,UK,0.08,5,19
1694,2024-02-04,Pro,Norway,0.05,11,49
1695,2024-05-08,Pro,Germany,0.05,0,49
1696,2024-01-25,Pro,UK,0.05,4,49
1697,2024-02-22,Basic,UK,0.08,7,19
1698,2024-05-27,Pro,Other,0.05,3,49
1699,2024-01-22,Basic,USA,0.08,0,19
1700,2024-02-07,Pro,Other,0.05,6,49
1701,2024-03-03,Basic,Other,0.08,8,19
1702,2024-03-09,Pro,Sweden,0.05,12,49
1703,2024-02-27,Basic,USA,0.08,9,19
1704,2024-05-07,Basic,Germany,0.08,0,19
1705,2024-01-23,Basic,Sweden,0.08,0,19
1706,2024-02-05,Pro,Sweden,0.05,7,49
1707,2024-03-31,Pro,Norway,0.05,6,49
1708,2024-02-11,Basic,Other,0.08,7,19
1709,2024-02-16,Basic,Norway,0.08,0,19
1710,2024-04-14,Basic,Germany,0.08,9,19
1711,2024-03-05,Basic,Other,0.08,12,19
1712,2024-02-04,Pro,Germany,0.05,4,49
1713,2024-02-27,Basic,Sweden,0.08,4,19
1714,2024-01-26,Pro,Sweden,0.05,3,49
1715,2024-02-09,Pro,Germany,0.05,0,49
1716,2024-03-24,Basic,Sweden,0.08,0,19
1717,2024-01-28,Basic,UK,0.08,0,19
1718,2024-02-11,Basic,USA,0.08,1,19
1719,2024-03-03,Basic,Sweden,0.08,0,19
1720,2024-01-28,Basic,Sweden,0.08,3,19
1721,2024-02-21,Pro,Sweden,0.05,6,49
1722,2024-02-11,Pro,Germany,0.05,7,49
1723,2024-03-23,Basic,Sweden,0.08,8,19
1724,2024-02-18,Pro,Sweden,0.05,11,49
1725,2024-01-13,Pro,Other,0.05,0,49
1726,2024-05-07,Basic,Norway,0.08,6,19
1727,2024-02-05,Pro,Sweden,0.05,6,49
1728,2024-03-04,Basic,Sweden,0.08,8,19
1729,2024-01-23,Pro,Sweden,0.05,7,49
1730,2024-03-13,Basic,UK,0.08,0,19
1731,2024-02-02,Basic,Norway,0.08,0,19
1732,2024-02-17,Basic,UK,0.08,9,19
1733,2024-03-04,Basic,UK,0.08,2,19
1734,2024-02-23,Enterprise,Germany,0.03,1,199
1735,2024-03-31,Pro,Sweden,0.05,4,49
1736,2024-01-17,Pro,UK,0.05,0,49
1737,2024-05-12,Pro,Norway,0.05,4,49
1738,2024-02-08,Enterprise,Norway,0.03,0,199
1739,2024-04-07,Basic,UK,0.08,0,19
1740,2024-01-23,Basic,USA,0.08,9,19
1741,2024-01-25,Pro,Sweden,0.05,0,49
1742,2024-04-25,Pro,Other,0.05,9,49
1743,2024-02-01,Pro,Germany,0.05,5,49
1744,2024-02-14,Pro,Sweden,0.05,0,49
1745,2024-01-24,Pro,Norway,0.05,9,49
1746,2024-04-30,Basic,USA,0.08,0,19
1747,2024-02-22,Basic,USA,0.08,0,19
1748,2024-02-12,Pro,UK,0.05,0,49
1749,2024-03-24,Basic,USA,0.08,0,19
1750,2024-02-13,Basic,USA,0.08,6,19
1751,2024-01-29,Pro,UK,0.05,0,49
1752,2024-02-28,Basic,Germany,0.08,3,19
1753,2024-03-03,Basic,Other,0.08,0,19
1754,2024-05-03,Basic,Sweden,0.08,1,19
1755,2024-03-02,Basic,Other,0.08,6,19
1756,2024-06-06,Basic,Sweden,0.08,11,19
1757,2024-02-01,Pro,USA,0.05,0,49
1758,2024-03-16,Enterprise,Sweden,0.03,0,199
1759,2024-03-17,Pro,Sweden,0.05,0,49
1760,2024-04-11,Basic,USA,0.08,0,19
1761,2024-01-31,Pro,Germany,0.05,0,49
1762,2024-01-31,Pro,Norway,0.05,10,49
1763,2024-01-02,Basic,Other,0.08,0,19
1764,2024-03-28,Pro,Norway,0.05,7,49
1765,2024-03-09,Basic,Other,0.08,0,19
1766,2024-01-31,Pro,Norway,0.05,9,49
1767,2024-01-15,Pro,Sweden,0.05,0,49
1768,2024-02-12,Basic,Norway,0.08,3,19
1769,2024-04-02,Basic,UK,0.08,0,19
1770,2024-01-23,Basic,USA,0.08,11,19
1771,2024-01-16,Enterprise,Norway,0.03,0,199
1772,2024-01-22,Basic,Other,0.08,7,19
1773,2024-02-02,Pro,Germany,0.05,0,49
1774,2024-02-19,Basic,Norway,0.08,0,19
1775,2024-04-11,Pro,Norway,0.05,0,49
1776,2024-03-07,Basic,UK,0.08,0,19
1777,2024-01-21,Enterprise,USA,0.03,6,199
1778,2024-02-25,Pro,Other,0.05,0,49
1779,2024-03-06,Basic,Sweden,0.08,3,19
1780,2024-05-15,Basic,UK,0.08,0,19
1781,2024-02-02,Pro,Norway,0.05,5,49
1782,2024-01-24,Basic,USA,0.08,5,19
1783,2024-02-14,Pro,Other,0.05,0,49
1784,2024-03-29,Basic,USA,0.08,4,19
1785,2024-02-25,Basic,UK,0.08,0,19
1786,2024-03-14,Pro,Sweden,0.05,0,49
1787,2024-01-19,Pro,Sweden,0.05,0,49
1788,2024-05-27,Basic,USA,0.08,8,19
1789,2024-07-16,Basic,Norway,0.08,2,19
1790,2024-01-13,Basic,Other,0.08,4,19
1791,2024-04-19,Pro,Other,0.05,0,49
1792,2024-01-23,Basic,USA,0.08,6,19
1793,2024-02-25,Basic,Sweden,0.08,1,19
1794,2024-02-16,Basic,Norway,0.08,0,19
1795,2024-03-20,Pro,UK,0.05,0,49
1796,2024-01-23,Basic,USA,0.08,9,19
1797,2024-07-15,Basic,Other,0.08,0,19
1798,2024-01-28,Pro,Germany,0.05,0,49
1799,2024-05-05,Pro,Other,0.05,0,49
1800,2024-02-02,Basic,Norway,0.08,0,19
1801,2024-03-18,Pro,Sweden,0.05,0,49
1802,2024-02-04,Basic,Germany,0.08,10,19
1803,2024-03-21,Pro,Sweden,0.05,0,49
1804,2024-02-04,Pro,Sweden,0.05,0,49
1805,2024-01-27,Basic,Other,0.08,0,19
1806,2024-03-17,Pro,Germany,0.05,0,49
1807,2024-03-05,Pro,Sweden,0.05,4,49
1808,2024-01-22,Pro,USA,0.05,0,49
1809,2024-01-05,Basic,Germany,0.08,0,19
1810,2024-02-03,Enterprise,Germany,0.03,0,199
1811,2024-02-05,Basic,Norway,0.08,0,19
1812,2024-02-14,Pro,Germany,0.05,0,49
1813,2024-03-05,Basic,Germany,0.08,7,19
1814,2024-02-01,Pro,Sweden,0.05,0,49
1815,2024-03-16,Pro,UK,0.05,12,49
1816,2024-01-18,Pro,UK,0.05,6,49
1817,2024-02-05,Pro,Norway,0.05,0,49
1818,2024-02-04,Basic,Norway,0.08,0,19
1819,2024-04-08,Basic,Germany,0.08,12,19
1820,2024-03-09,Basic,USA,0.08,0,19
1821,2024-03-04,Enterprise,USA,0.03,0,199
1822,2024-02-13,Pro,Norway,0.05,4,49
1823,2024-01-24,Pro,USA,0.05,0,49
1824,2024-02-08,Pro,UK,0.05,0,49
1825,2024-03-14,Basic,Other,0.08,5,19
1826,2024-05-24,Pro,USA,0.05,10,49
1827,2024-02-15,Pro,UK,0.05,0,49
1828,2024-01-19,Basic,USA,0.08,8,19
1829,2024-03-24,Basic,UK,0.08,0,19
1830,2024-02-10,Basic,USA,0.08,0,19
1831,2024-01-12,Enterprise,Other,0.03,0,199
1832,2024-04-07,Basic,Sweden,0.08,10,19
1833,2024-04-03,Pro,Other,0.05,2,49
1834,2024-02-24,Basic,USA,0.08,2,19
1835,2024-04-02,Pro,USA,0.05,1,49
1836,2024-01-21,Basic,UK,0.08,0,19
1837,2024-01-21,Pro,Other,0.05,0,49
1838,2024-05-16,Pro,Germany,0.05,2,49
1839,2024-04-24,Enterprise,Germany,0.03,0,199
1840,2024-01-27,Pro,Germany,0.05,0,49
1841,2024-02-03,Basic,UK,0.08,6,19
1842,2024-02-13,Pro,UK,0.05,10,49
1843,2024-02-09,Basic,Germany,0.08,12,19
1844,2024-03-02,Pro,Other,0.05,0,49
1845,2024-03-08,Basic,Other,0.08,0,19
1846,2024-03-18,Pro,USA,0.05,0,49
1847,2024-04-30,Basic,USA,0.08,2,19
1848,2024-01-30,Basic,Sweden,0.08,1,19
1849,2024-02-13,Basic,Germany,0.08,0,19
1850,2024-01-26,Enterprise,Sweden,0.03,0,199
1851,2024-01-11,Pro,UK,0.05,0,49
1852,2024-04-14,Basic,Norway,0.08,0,19
1853,2024-03-05,Basic,Sweden,0.08,2,19
1854,2024-05-03,Basic,Germany,0.08,0,19
1855,2024-01-31,Basic,Norway,0.08,0,19
1856,2024-03-30,Basic,Germany,0.08,0,19
1857,2024-01-25,Pro,Other,0.05,0,49
1858,2024-02-01,Basic,Other,0.08,0,19
1859,2024-02-23,Enterprise,Norway,0.03,8,199
1860,2024-01-17,Pro,UK,0.05,3,49
1861,2024-01-22,Basic,UK,0.08,11,19
1862,2024-02-04,Pro,Other,0.05,4,49
1863,2024-02-14,Basic,Sweden,0.08,0,19
1864,2024-03-02,Basic,Other,0.08,5,19
1865,2024-04-06,Pro,Norway,0.05,0,49
1866,2024-01-28,Enterprise,Sweden,0.03,3,199
1867,2024-01-24,Basic,Other,0.08,11,19
1868,2024-01-29,Basic,Norway,0.08,5,19
1869,2024-02-06,Basic,Sweden,0.08,8,19
1870,2024-02-09,Pro,Sweden,0.05,12,49
1871,2024-02-21,Basic,Norway,0.08,0,19
1872,2024-03-16,Pro,Norway,0.05,0,49
1873,2024-02-03,Pro,USA,0.05,6,49
1874,2024-03-04,Basic,USA,0.08,8,19
1875,2024-02-04,Basic,UK,0.08,0,19
1876,2024-04-06,Pro,UK,0.05,0,49
1877,2024-01-10,Pro,Other,0.05,9,49
1878,2024-06-09,Enterprise,Norway,0.03,0,199
1879,2024-02-04,Basic,Norway,0.08,0,19
1880,2024-04-20,Basic,UK,0.08,0,19
1881,2024-02-06,Basic,Norway,0.08,0,19
1882,2024-01-27,Basic,Sweden,0.08,11,19
1883,2024-01-20,Pro,UK,0.05,2,49
1884,2024-03-07,Basic,Sweden,0.08,0,19
1885,2024-01-04,Basic,USA,0.08,4,19
1886,2024-02-09,Basic,USA,0.08,3,19
1887,2024-02-08,Pro,UK,0.05,0,49
1888,2024-02-22,Basic,USA,0.08,0,19
1889,2024-02-04,Basic,Norway,0.08,4,19
1890,2024-03-09,Basic,Other,0.08,2,19
1891,2024-03-20,Pro,UK,0.05,0,49
1892,2024-03-30,Basic,Germany,0.08,0,19
1893,2024-03-17,Basic,Norway,0.08,0,19
1894,2024-04-26,Enterprise,Norway,0.03,0,199
1895,2024-02-14,Pro,Other,0.05,0,49
1896,2024-02-11,Pro,Germany,0.05,0,49
1897,2024-03-03,Basic,Sweden,0.08,8,19
1898,2024-03-25,Basic,Norway,0.08,2,19
1899,2024-04-10,Basic,Other,0.08,0,19
1900,2024-02-28,Basic,USA,0.08,10,19
1901,2024-04-21,Basic,Norway,0.08,7,19
1902,2024-01-31,Pro,Norway,0.05,12,49
1903,2024-02-21,Basic,Germany,0.08,0,19
1904,2024-03-23,Pro,Norway,0.05,4,49
1905,2024-02-21,Pro,USA,0.05,0,49
1906,2024-03-07,Basic,Germany,0.08,0,19
1907,2024-03-25,Pro,USA,0.05,0,49
1908,2024-02-06,Pro,Other,0.05,1,49
1909,2024-01-25,Basic,UK,0.08,2,19
1910,2024-01-29,Basic,UK,0.08,5,19
1911,2024-02-24,Basic,UK,0.08,2,19
1912,2024-05-29,Basic,Sweden,0.08,6,19
1913,2024-02-06,Pro,Germany,0.05,0,49
1914,2024-02-28,Basic,USA,0.08,6,19
1915,2024-01-25,Basic,Other,0.08,6,19
1916,2024-03-11,Pro,Other,0.05,0,49
1917,2024-03-13,Basic,USA,0.08,4,19
1918,2024-02-08,Basic,UK,0.08,0,19
1919,2024-02-27,Basic,Norway,0.08,2,19
1920,2024-05-14,Pro,Other,0.05,0,49
1921,2024-01-29,Basic,Other,0.08,0,19
1922,2024-02-16,Basic,Other,0.08,7,19
1923,2024-02-03,Pro,Germany,0.05,0,49
1924,2024-01-15,Basic,USA,0.08,7,19
1925,2024-05-04,Basic,UK,0.08,11,19
1926,2024-01-21,Basic,Sweden,0.08,0,19
1927,2024-02-02,Pro,Germany,0.05,0,49
1928,2024-02-19,Basic,Germany,0.08,8,19
1929,2024-02-22,Basic,UK,0.08,5,19
1930,2024-02-17,Pro,Norway,0.05,0,49
1931,2024-01-23,Basic,Germany,0.08,11,19
1932,2024-01-15,Basic,Germany,0.08,4,19
1933,2024-01-26,Pro,UK,0.05,6,49
1934,2024-03-18,Pro,UK,0.05,0,49
1935,2024-03-05,Pro,USA,0.05,3,49
1936,2024-02-11,Enterprise,USA,0.03,0,199
1937,2024-02-16,Pro,Norway,0.05,0,49
1938,2024-02-19,Pro,UK,0.05,0,49
1939,2024-03-13,Basic,Norway,0.08,1,19
1940,2024-01-29,Basic,Norway,0.08,9,19
1941,2024-06-11,Basic,USA,0.08,12,19
1942,2024-02-08,Basic,UK,0.08,0,19
1943,2024-04-07,Pro,USA,0.05,7,49
1944,2024-03-28,Basic,UK,0.08,0,19
1945,2024-04-07,Basic,Other,0.08,5,19
1946,2024-01-20,Basic,Other,0.08,2,19
1947,2024-03-01,Basic,Sweden,0.08,4,19
1948,2024-02-11,Basic,Sweden,0.08,2,19
1949,2024-01-25,Basic,Norway,0.08,0,19
1950,2024-01-30,Basic,USA,0.08,4,19
1951,2024-01-07,Enterprise,Germany,0.03,0,199
1952,2024-02-14,Pro,USA,0.05,2,49
1953,2024-02-17,Pro,USA,0.05,1,49
1954,2024-03-03,Basic,Sweden,0.08,8,19
1955,2024-02-28,Basic,USA,0.08,1,19
1956,2024-04-19,Basic,Germany,0.08,1,19
1957,2024-04-29,Pro,Other,0.05,3,49
1958,2024-01-23,Basic,Sweden,0.08,2,19
1959,2024-03-16,Basic,UK,0.08,0,19
1960,2024-04-06,Enterprise,USA,0.03,12,199
1961,2024-01-19,Pro,UK,0.05,8,49
1962,2024-05-28,Pro,Germany,0.05,0,49
1963,2024-03-02,Basic,Norway,0.08,2,19
1964,2024-02-16,Basic,UK,0.08,4,19
1965,2024-03-22,Basic,Sweden,0.08,1,19
1966,2024-02-07,Pro,Sweden,0.05,0,49
1967,2024-04-05,Pro,USA,0.05,6,49
1968,2024-03-19,Basic,UK,0.08,4,19
1969,2024-03-03,Basic,Other,0.08,11,19
1970,2024-04-14,Pro,Germany,0.05,0,49
1971,2024-03-25,Basic,Other,0.08,0,19
1972,2024-06-09,Pro,Sweden,0.05,8,49
1973,2024-02-20,Basic,Sweden,0.08,10,19
1974,2024-03-06,Pro,Norway,0.05,0,49
1975,2024-03-08,Basic,Sweden,0.08,0,19
1976,2024-02-28,Basic,Germany,0.08,0,19
1977,2024-03-18,Basic,USA,0.08,1,19
1978,2024-01-24,Pro,Other,0.05,0,49
1979,2024-02-25,Pro,UK,0.05,10,49
1980,2024-02-17,Basic,Germany,0.08,0,19
1981,2024-04-13,Basic,Sweden,0.08,0,19
1982,2024-05-02,Basic,Sweden,0.08,1,19
1983,2024-03-17,Pro,USA,0.05,0,49
1984,2024-02-19,Basic,USA,0.08,5,19
1985,2024-02-16,Pro,Norway,0.05,8,49
1986,2024-02-10,Basic,Germany,0.08,4,19
1987,2024-01-17,Basic,Norway,0.08,0,19
1988,2024-01-29,Pro,Germany,0.05,2,49
1989,2024-04-03,Basic,UK,0.08,0,19
1990,2024-03-05,Pro,Germany,0.05,2,49
1991,2024-04-21,Pro,USA,0.05,0,49
1992,2024-01-19,Pro,UK,0.05,6,49
1993,2024-03-10,Basic,Norway,0.08,0,19
1994,2024-02-14,Basic,UK,0.08,6,19
1995,2024-02-15,Pro,Sweden,0.05,4,49
1996,2024-02-10,Pro,Germany,0.05,9,49
1997,2024-01-24,Pro,UK,0.05,0,49
1998,2024-02-12,Pro,UK,0.05,9,49
1999,2024-02-28,Basic,Norway,0.08,0,19
2000,2024-02-06,Basic,Other,0.08,5,19
